year ,month_num,month,day,0h,1h,2h,3h,4h,5h,6h,7h,8h,9h,10h,11h,12h,13h,14h,15h,16h,17h,18h,19h,20h,21h,22h,23h
2022,1,January,1,2.3,1.9,1.6,1.5,1.5,1.6,1.9,2.3,2.8,3.2,3.2,2.9,2.4,1.8,1.3,0.8,0.6,0.6,0.7,1,1.5,2.1,2.5,2.7
2022,1,January,2,2.6,2.4,2.0,1.6,1.5,1.5,1.6,2.0,2.5,3.0,3.3,3.2,2.9,2.4,1.7,1.1,0.7,0.4,0.4,0.6,1.0,1.6,2.2,2.6
2022,1,January,3,2.8,2.7,2.4,1.9,1.6,1.4,1.5,1.7,2.1,2.6,3.2,3.4,3.3,2.9,2.3,1.6,1.0,0.6,0.3,0.3,0.5,1.0,1.7,2.3
2022,1,January,4,2.7,2.8,2.7,2.3,1.9,1.5,1.4,1.5,1.7,2.2,2.8,3.3,3.5,3.3,2.9,2.2,1.5,0.9,0.5,0.3,0.3,0.6,1.0,1.9
2022,1,January,5,2.4,2.7,2.8,2.6,2.2,1.8,1.5,1.4,1.5,1.8,2.3,3.0,3.4,3.5,3.2,2.8,2.1,1.4,0.8,0.5,0.3,0.4,0.7,1.3
2022,1,January,6,2.0,2.5,2.8,2.8,2.5,2.1,1.7,1.4,1.4,1.5,1.8,2.4,3.1,3.4,3.4,3.1,2.6,1.9,1.3,0.8,0.5,0.4,0.5,0.9
2022,1,January,7,1.6,2.2,2.6,2.8,2.7,2.4,1.9,1.6,1.4,1.4,1.5,1.9,2.5,3.1,3.3,3.3,2.9,2.4,1.7,1.2,0.8,0.6,0.6,0.7
2022,1,January,8,1.2,1.9,2.4,2.6,2.7,2.6,2.2,1.8,1.5,1.4,1.4,1.6,2.0,2.5,3.0,3.1,3.0,2.7,2.1,1.6,1.2,0.9,0.7,0.8
2022,1,January,9,1.0,1.5,2.1,2.4,2.6,2.6,2.4,2.1,1.7,1.5,1.4,1.4,1.6,2.0,2.4,2.7,2.8,2.7,2.4,2,1.5,1.2,1.0,1.0
2022,1,January,10,1.0,1.3,1.8,2.2,2.5,2.6,2.6,2.3,2.0,1.7,1.5,1.4,1.4,1.6,1.9,2.2,2.4,2.5,2.4,2.2,1.9,1.6,1.3,1.2
2022,1,January,11,1.2,1.3,1.6,1.9,2.3,2.5,2.6,2.5,2.3,2.0,1.7,1.5,1.4,1.4,1.5,1.7,1.9,2.1,2.2,2.2,2.0,1.9,1.7,1.5
2022,1,January,12,1.4,1.4,1.5,1.8,2.1,2.3,2.5,2.6,2.5,2.3,2.0,1.7,1.5,1.3,1.3,1.3,1.4,1.6,1.8,2,2.1,2.0,1.9,1.8
2022,1,January,13,1.7,1.6,1.6,1.7,1.9,2.1,2.4,2.6,2.6,2.5,2.3,2.0,1.7,1.4,1.2,1.1,1.1,1.2,1.4,1.7,1.9,2.1,2.1,2.1
2022,1,January,14,1.9,1.7,1.6,1.6,1.7,1.9,2.2,2.5,2.7,2.7,2.6,2.3,2.0,1.6,1.2,1.0,0.9,0.9,1.0,1.4,1.7,2.0,2.2,2.3
2022,1,January,15,2.1,1.9,1.7,1.6,1.6,1.7,1.9,2.3,2.6,2.8,2.8,2.6,2.3,1.8,1.4,1.0,0.8,0.8,0.8,1,1.4,1.9,2.2,2.4
2022,1,January,16,2.4,2.2,1.9,1.7,1.6,1.6,1.7,2.0,2.4,2.8,2.9,2.9,2.6,2.2,1.7,1.2,0.9,0.7,0.7,0.8,1.2,1.6,2.1,2.4
2022,1,January,17,2.5,2.4,2.1,1.8,1.6,1.5,1.5,1.8,2.2,2.6,2.9,3.0,2.9,2.5,2.0,1.5,1.0,0.7,0.6,0.7,0.9,1.4,1.9,2.3
2022,1,January,18,2.6,2.6,2.3,2.0,1.6,1.4,1.4,1.6,1.9,2.3,2.8,3.1,3.1,2.8,2.4,1.8,1.2,0.8,0.6,0.6,0.7,1.0,1.7,2.2
2022,1,January,19,2.5,2.6,2.5,2.2,1.8,1.5,1.4,1.4,1.6,2.1,2.6,3.0,3.2,3.1,2.7,2.1,1.5,1.0,0.7,0.6,0.6,0.9,1.4,2.0
2022,1,January,20,2.4,2.7,2.7,2.4,2.0,1.6,1.4,1.3,1.5,1.8,2.3,2.9,3.2,3.2,2.9,2.5,1.9,1.3,0.8,0.6,0.5,0.7,1.0,1.7
2022,1,January,21,2.3,2.6,2.7,2.6,2.2,1.8,1.4,1.3,1.3,1.5,2.0,2.5,3.1,3.3,3.1,2.8,2.2,1.6,1.0,0.7,0.6,0.6,0.9,1.4
2022,1,January,22,2.1,2.5,2.7,2.7,2.5,2.0,1.6,1.3,1.2,1.3,1.7,2.2,2.7,3.1,3.2,3.0,2.5,1.9,1.3,0.9,0.6,0.6,0.8,1.2
2022,1,January,23,1.8,2.3,2.7,2.7,2.6,2.3,1.8,1.4,1.2,1.2,1.4,1.8,2.3,2.8,3.1,3.0,2.7,2.2,1.6,1.1,0.8,0.7,0.7,1.0
2022,1,January,24,1.5,2.1,2.5,2.8,2.7,2.5,2.1,1.6,1.3,1.2,1.2,1.5,1.8,2.3,2.8,2.9,2.8,2.5,2.0,1.4,1.0,0.8,0.8,1.0
2022,1,January,25,1.3,1.8,2.3,2.7,2.8,2.7,2.4,1.9,1.5,1.3,1.2,1.2,1.4,1.8,2.2,2.5,2.6,2.5,2.2,1.8,1.4,1.1,1.0,1.0
2022,1,January,26,1.2,1.6,2.0,2.4,2.7,2.8,2.6,2.3,1.9,1.5,1.3,1.1,1.2,1.4,1.7,2.0,2.2,2.3,2.3,2.1,1.8,1.5,1.3,1.2
2022,1,January,27,1.3,1.5,1.8,2.1,2.4,2.7,2.8,2.6,2.3,1.9,1.6,1.3,1.0,1.1,1.2,1.4,1.7,1.9,2.1,2.1,2.0,1.9,1.7,1.5
2022,1,January,28,1.4,1.5,1.6,1.8,2.1,2.4,2.7,2.8,2.7,2.4,2.0,1.6,1.3,1.1,1.0,1.0,1.1,1.3,1.6,1.9,2.1,2.1,2.1,2.0
2022,1,January,29,1.8,1.6,1.6,1.7,1.8,2.1,2.4,2.7,2.8,2.8,2.5,2.1,1.7,1.3,1.0,0.8,0.7,0.9,1.0,1.4,1.8,2.1,2.3,2.3
2022,1,January,30,2.1,1.9,1.7,1.6,1.6,1.8,2.0,2.4,2.8,3.0,2.9,2.7,2.2,1.7,1.2,0.8,0.6,0.5,0.7,0.9,1.4,1.9,2.3,2.5
2022,1,January,31,2.5,2.3,1.9,1.7,1.5,1.5,1.7,2.0,2.4,2.9,3.2,3.1,2.8,2.3,1.7,1.1,0.7,0.5,0.4,0.5,0.9,1.5,2.1,2.5
2022,2,February,1,2.7,2.6,2.3,1.8,1.5,1.4,1.4,1.6,2.0,2.6,3.1,3.3,3.2,2.8,2.2,1.6,1.0,0.6,0.4,0.3,0.5,1.0,1.7,2.3
2022,2,February,2,2.6,2.7,2.6,2.2,1.7,1.4,1.3,1.3,1.6,2.1,2.7,3.3,3.4,3.2,2.8,2.1,1.4,0.8,0.5,0.3,0.3,0.6,1.2,2.0
2022,2,February,3,2.5,2.8,2.8,2.5,2.0,1.5,1.2,1.2,1.3,1.6,2.2,2.9,3.4,3.4,3.2,2.7,1.9,1.2,0.7,0.4,0.3,0.4,0.9,1.6
2022,2,February,4,2.3,2.7,2.8,2.7,2.3,1.8,1.3,1.1,1.1,1.3,1.7,2.4,3.1,3.4,3.3,3.0,2.4,1.7,1.1,0.7,0.4,0.4,0.6,1.2
2022,2,February,5,2.0,2.6,2.8,2.8,2.6,2.1,1.5,1.2,1.0,1.1,1.3,1.8,2.6,3.1,3.3,3.1,2.7,2.1,1.5,1,0.7,0.5,0.6,1.0
2022,2,February,6,1.7,2.3,2.7,2.8,2.7,2.3,1.8,1.4,1.1,1.0,1.1,1.4,2.0,2.6,3.0,3.0,2.8,2.4,1.8,1.3,0.9,0.7,0.7,0.9
2022,2,February,7,1.4,2.1,2.5,2.8,2.7,2.5,2.1,1.6,1.2,1.0,1.0,1.2,1.5,2.1,2.5,2.7,2.7,2.5,2.1,1.6,1.2,1.0,0.9,1.0
2022,2,February,8,1.3,1.8,2.3,2.6,2.7,2.6,2.3,1.9,1.5,1.2,1.1,1.1,1.3,1.6,2.0,2.3,2.4,2.3,2.1,1.8,1.5,1.3,1.2,1.2
2022,2,February,9,1.4,1.7,2.1,2.4,2.6,2.6,2.4,2.1,1.7,1.4,1.2,1.2,1.2,1.3,1.6,1.8,2.0,2.0,2.0,1.9,1.7,1.5,1.4,1.4
2022,2,February,10,1.5,1.7,2.0,2.2,2.4,2.5,2.5,2.3,2.0,1.7,1.5,1.3,1.2,1.2,1.3,1.4,1.6,1.7,1.8,1.8,1.8,1.7,1.7,1.6
2022,2,February,11,1.6,1.7,1.9,2.0,2.2,2.3,2.4,2.4,2.3,2.1,1.8,1.6,1.4,1.2,1.1,1.1,1.2,1.3,1.5,1.6,1.8,1.9,1.9,1.8
2022,2,February,12,1.8,1.7,1.8,1.9,2.0,2.1,2.3,2.4,2.4,2.4,2.2,2.0,1.7,1.4,1.1,1.0,1.0,1.0,1.2,1.4,1.6,1.9,2.0,2.1
2022,2,February,13,2.0,1.8,1.7,1.7,1.8,1.9,2.0,2.2,2.4,2.6,2.5,2.3,2.0,1.6,1.3,1.0,0.8,0.8,0.9,1.1,1.5,1.8,2.1,2.2
2022,2,February,14,2.2,2.0,1.8,1.6,1.6,1.6,1.8,2.0,2.3,2.6,2.8,2.7,2.4,2.0,1.5,1.1,0.8,0.7,0.7,0.9,1.2,1.7,2.1,2.4
2022,2,February,15,2.4,2.2,1.9,1.6,1.5,1.4,1.5,1.8,2.1,2.5,2.9,2.9,2.8,2.4,1.8,1.3,0.9,0.7,0.6,0.7,1.0,1.5,2.0,2.4
2022,2,February,16,2.5,2.5,2.2,1.8,1.5,1.3,1.3,1.5,1.8,2.3,2.8,3.1,3.0,2.7,2.2,1.6,1.1,0.7,0.5,0.6,0.8,1.3,1.9,2.4
2022,2,February,17,2.6,2.6,2.4,2.0,1.5,1.3,1.2,1.3,1.5,2.0,2.6,3.1,3.2,3.0,2.5,1.9,1.3,0.9,0.6,0.5,0.6,1.0,1.6,2.3
2022,2,February,18,2.6,2.7,2.6,2.2,1.7,1.3,1.1,1.1,1.3,1.7,2.3,2.9,3.2,3.1,2.8,2.3,1.6,1.1,0.7,0.5,0.5,0.8,1.3,2.0
2022,2,February,19,2.6,2.8,2.7,2.5,2.0,1.5,1.1,1.0,1.1,1.4,1.9,2.6,3.1,3.2,3.0,2.6,2.0,1.3,0.9,0.6,0.5,0.7,1.1,1.7
2022,2,February,20,2.4,2.8,2.8,2.7,2.3,1.7,1.2,1.0,0.9,1.1,1.5,2.1,2.8,3.1,3.1,2.8,2.3,1.7,1.1,0.7,0.6,0.6,0.9,1.5
2022,2,February,21,2.2,2.7,2.9,2.8,2.5,2.0,1.4,1.0,0.8,0.9,1.1,1.6,2.3,2.8,3.0,2.9,2.6,2.0,1.4,1,0.7,0.7,0.9,1.3
2022,2,February,22,1.9,2.5,2.9,2.9,2.7,2.3,1.7,1.2,0.9,0.8,0.9,1.2,1.7,2.3,2.7,2.8,2.7,2.3,1.8,1.3,1.0,0.8,0.9,1.2
2022,2,February,23,1.6,2.2,2.7,2.9,2.9,2.6,2.1,1.5,1.1,0.8,0.8,0.9,1.2,1.7,2.2,2.5,2.5,2.4,2.0,1.6,1.3,1.1,1.0,1.2
2022,2,February,24,1.5,2.0,2.4,2.8,2.9,2.7,2.4,1.9,1.5,1.1,0.9,0.8,1.0,1.2,1.6,1.9,2.1,2.2,2.1,1.9,1.6,1.4,1.3,1.3
2022,2,February,25,1.5,1.8,2.1,2.4,2.7,2.7,2.6,2.3,1.9,1.5,1.2,1.0,0.9,1.0,1.1,1.3,1.6,1.8,1.9,1.9,1.9,1.8,1.6,1.6
2022,2,February,26,1.6,1.7,1.9,2.1,2.3,2.5,2.6,2.6,2.4,2.1,1.7,1.4,1.1,0.9,0.9,0.9,1.1,1.3,1.5,1.7,1.9,2.0,2.0,1.9
2022,2,February,27,1.8,1.7,1.7,1.8,1.9,2.1,2.3,2.5,2.6,2.5,2.3,2.0,1.6,1.2,0.9,0.7,0.7,0.8,1.0,1.3,1.7,2.0,2.2,2.2
2022,2,February,28,2.1,1.9,1.7,1.6,1.6,1.7,1.9,2.3,2.6,2.8,2.8,2.5,2.1,1.6,1.2,0.8,0.6,0.5,0.6,0.9,1.4,1.9,2.3,2.5
2022,3,March,1,2.4,2.2,1.8,1.6,1.4,1.4,1.6,1.8,2.3,2.8,3.0,3.0,2.7,2.2,1.6,1.1,0.7,0.4,0.4,0.6,1.0,1.6,2.2,2.5
2022,3,March,2,2.6,2.5,2.1,1.7,1.4,1.2,1.2,1.4,1.8,2.5,3.0,3.2,3.1,2.7,2.1,1.5,0.9,0.5,0.4,0.4,0.6,1.2,2.0,2.5
2022,3,March,3,2.7,2.7,2.4,1.9,1.4,1.1,1.0,1.1,1.4,2.0,2.7,3.2,3.3,3.1,2.6,1.9,1.3,0.8,0.4,0.3,0.5,0.9,1.7,2.3
2022,3,March,4,2.7,2.8,2.7,2.2,1.6,1.2,0.9,0.9,1.1,1.5,2.2,2.9,3.3,3.3,3.0,2.4,1.7,1.1,0.6,0.4,0.4,0.7,1.3,2.1
2022,3,March,5,2.7,2.8,2.8,2.5,1.9,1.4,1.0,0.8,0.8,1.1,1.6,2.4,3.1,3.3,3.1,2.7,2.1,1.4,0.9,0.6,0.5,0.6,1.0,1.8
2022,3,March,6,2.5,2.8,2.9,2.7,2.2,1.6,1.1,0.8,0.7,0.8,1.2,1.9,2.6,3.0,3.1,2.9,2.4,1.8,1.2,0.8,0.6,0.6,0.9,1.5
2022,3,March,7,2.3,2.8,2.9,2.8,2.4,1.9,1.3,0.9,0.7,0.7,0.9,1.4,2.1,2.7,2.9,2.9,2.6,2.1,1.5,1.1,0.8,0.8,0.9,1.4
2022,3,March,8,2.0,2.6,2.9,2.8,2.6,2.1,1.6,1.1,0.8,0.7,0.8,1.1,1.6,2.2,2.5,2.6,2.5,2.2,1.7,1.3,1.1,1.0,1.1,1.3
2022,3,March,9,1.8,2.4,2.7,2.8,2.7,2.3,1.8,1.3,1.0,0.8,0.8,0.9,1.3,1.7,2.1,2.3,2.3,2.2,1.8,1.5,1.3,1.2,1.2,1.4
2022,3,March,10,1.7,2.2,2.5,2.7,2.6,2.4,2.0,1.6,1.3,1.0,0.9,0.9,1.1,1.4,1.7,1.9,2.0,2.0,1.8,1.6,1.5,1.4,1.4,1.5
2022,3,March,11,1.7,2.0,2.3,2.5,2.6,2.4,2.2,1.9,1.6,1.3,1.2,1.1,1.1,1.2,1.4,1.5,1.6,1.7,1.7,1.7,1.6,1.6,1.6,1.6
2022,3,March,12,1.7,1.9,2.1,2.3,2.4,2.4,2.3,2.1,1.9,1.7,1.5,1.3,1.2,1.1,1.2,1.2,1.3,1.4,1.5,1.6,1.7,1.7,1.8,1.8
2022,3,March,13,1.8,1.8,1.9,2.0,2.1,2.2,2.2,2.2,2.2,2.1,1.9,1.7,1.4,1.2,1.1,1.0,1.0,1.1,1.3,1.5,1.7,1.9,2.0,2.0
2022,3,March,14,1.9,1.8,1.7,1.8,1.8,1.9,2.0,2.2,2.3,2.4,2.3,2.1,1.8,1.4,1.1,0.9,0.8,0.9,1.0,1.3,1.6,1.9,2.1,2.2
2022,3,March,15,2.1,1.9,1.7,1.6,1.5,1.6,1.8,2.0,2.3,2.6,2.6,2.5,2.2,1.7,1.3,1.0,0.7,0.7,0.8,1.1,1.5,1.9,2.3,2.4
2022,3,March,16,2.3,2.1,1.7,1.5,1.4,1.3,1.5,1.8,2.2,2.6,2.8,2.8,2.5,2.1,1.6,1.1,0.8,0.6,0.6,0.8,1.3,1.9,2.3,2.5
2022,3,March,17,2.5,2.3,1.9,1.5,1.2,1.1,1.2,1.4,1.9,2.4,2.8,3.0,2.8,2.5,1.9,1.3,0.9,0.6,0.5,0.6,1.0,1.6,2.3,2.6
2022,3,March,18,2.7,2.6,2.2,1.7,1.2,1.0,1.0,1.1,1.5,2.1,2.7,3.1,3.0,2.8,2.3,1.6,1.1,0.7,0.5,0.5,0.8,1.4,2.1,2.7
2022,3,March,19,2.8,2.7,2.4,1.9,1.4,1.0,0.8,0.9,1.1,1.6,2.3,3.0,3.1,3.0,2.6,2.0,1.4,0.9,0.6,0.5,0.7,1.1,1.8,2.6
2022,3,March,20,2.9,2.9,2.7,2.2,1.6,1.1,0.8,0.7,0.8,1.2,1.8,2.6,3.1,3.1,2.9,2.4,1.7,1.2,0.8,0.6,0.6,0.9,1.5,2.3
2022,3,March,21,2.9,3.0,2.9,2.5,1.9,1.3,0.8,0.6,0.6,0.8,1.3,2.1,2.7,3.0,3.0,2.7,2.1,1.5,1.0,0.8,0.7,0.8,1.3,1.9
2022,3,March,22,2.7,3.1,3.0,2.7,2.2,1.6,1.0,0.6,0.5,0.6,0.9,1.5,2.2,2.7,2.9,2.8,2.4,1.9,1.3,1,0.8,0.9,1.2,1.7
2022,3,March,23,2.4,2.9,3.1,2.9,2.5,1.9,1.3,0.8,0.5,0.5,0.6,1.0,1.6,2.2,2.6,2.7,2.5,2.2,1.7,1.3,1.0,1.0,1.1,1.5
2022,3,March,24,2.1,2.6,3.0,3.0,2.8,2.3,1.7,1.2,0.8,0.6,0.5,0.7,1.1,1.6,2.1,2.3,2.4,2.2,1.9,1.6,1.3,1.2,1.2,1.4
2022,3,March,25,1.8,2.3,2.7,2.9,2.9,2.6,2.2,1.6,1.2,0.9,0.7,0.7,0.8,1.1,1.5,1.8,2.0,2.1,2.0,1.8,1.6,1.5,1.4,1.5
2022,3,March,26,1.7,2.0,2.3,2.6,2.7,2.7,2.5,2.1,1.7,1.4,1.1,0.9,0.8,0.9,1.0,1.3,1.5,1.7,1.8,1.9,1.9,1.8,1.7,1.6
2022,3,March,27,1.7,1.8,1.9,2.1,2.3,2.5,2.5,2.4,2.2,2.0,1.6,1.3,1.1,0.9,0.8,0.8,1.0,1.2,1.5,1.7,2.0,2.1,2.0,1.9
2022,3,March,28,1.8,1.7,1.7,1.7,1.9,2.1,2.3,2.5,2.5,2.5,2.2,1.9,1.5,1.1,0.9,0.7,0.7,0.8,1.1,1.4,1.9,2.2,2.3,2.2
2022,3,March,29,2.1,1.8,1.6,1.5,1.5,1.6,1.8,2.2,2.5,2.7,2.7,2.5,2.1,1.6,1.1,0.7,0.5,0.5,0.7,1.1,1.6,2.1,2.4,2.5
2022,3,March,30,2.4,2.0,1.7,1.4,1.2,1.2,1.4,1.7,2.3,2.7,2.9,2.9,2.6,2.1,1.5,1.0,0.6,0.5,0.5,0.8,1.3,2.0,2.4,2.6
2022,3,March,31,2.6,2.3,1.9,1.4,1.1,1.0,1.0,1.3,1.8,2.5,2.9,3.1,2.9,2.5,1.9,1.3,0.8,0.5,0.4,0.6,1.0,1.7,2.4,2.7
2022,4,April,1,2.8,2.6,2.2,1.6,1.1,0.9,0.8,0.9,1.3,2.0,2.7,3.1,3.1,2.9,2.3,1.7,1.1,0.7,0.5,0.5,0.8,1.4,2.2,2.7
2022,4,April,2,2.9,2.8,2.4,1.9,1.3,0.9,0.7,0.7,0.9,1.5,2.2,2.9,3.1,3.0,2.7,2.1,1.4,0.9,0.6,0.6,0.7,1.2,2.0,2.6
2022,4,April,3,2.9,2.9,2.7,2.1,1.5,1.0,0.7,0.6,0.7,1.0,1.7,2.5,2.9,3.0,2.9,2.4,1.8,1.2,0.9,0.7,0.7,1.0,1.7,2.4
2022,4,April,4,2.9,3.0,2.8,2.4,1.8,1.2,0.7,0.5,0.5,0.7,1.2,2.0,2.6,2.9,2.9,2.6,2.1,1.5,1.1,0.8,0.8,1.0,1.4,2.2
2022,4,April,5,2.8,3.0,2.9,2.6,2.0,1.4,0.9,0.6,0.5,0.6,0.9,1.5,2.2,2.6,2.7,2.6,2.3,1.8,1.3,1,0.9,1.0,1.3,1.9
2022,4,April,6,2.6,2.9,2.9,2.7,2.3,1.7,1.1,0.7,0.5,0.5,0.7,1.2,1.7,2.2,2.5,2.5,2.3,1.9,1.5,1.2,1.1,1.1,1.3,1.7
2022,4,April,7,2.3,2.8,2.9,2.8,2.5,2.0,1.4,1.0,0.7,0.6,0.7,0.9,1.4,1.8,2.1,2.3,2.2,2.0,1.7,1.4,1.2,1.2,1.4,1.6
2022,4,April,8,2.1,2.6,2.8,2.8,2.6,2.2,1.7,1.3,1.0,0.8,0.8,0.9,1.1,1.5,1.8,1.9,2.0,1.9,1.7,1.5,1.4,1.4,1.4,1.6
2022,4,April,9,1.9,2.3,2.6,2.7,2.6,2.3,2.0,1.6,1.3,1.1,1.0,0.9,1.0,1.2,1.5,1.6,1.7,1.8,1.7,1.6,1.5,1.5,1.5,1.6
2022,4,April,10,1.8,2.1,2.3,2.4,2.5,2.4,2.2,1.9,1.7,1.5,1.3,1.2,1.1,1.1,1.2,1.3,1.4,1.5,1.6,1.7,1.7,1.7,1.7,1.7
2022,4,April,11,1.7,1.9,2.0,2.1,2.2,2.2,2.2,2.2,2.0,1.9,1.7,1.5,1.2,1.1,1.0,1.1,1.1,1.3,1.5,1.7,1.8,1.9,1.9,1.9
2022,4,April,12,1.8,1.7,1.8,1.8,1.9,2.0,2.1,2.2,2.3,2.2,2.1,1.8,1.5,1.2,1.0,0.9,0.9,1.0,1.3,1.6,1.9,2.1,2.2,2.1
2022,4,April,13,1.9,1.7,1.6,1.5,1.5,1.7,1.9,2.1,2.4,2.5,2.4,2.2,1.9,1.4,1.1,0.9,0.7,0.8,1.0,1.4,1.9,2.3,2.4,2.4
2022,4,April,14,2.2,1.8,1.5,1.3,1.3,1.3,1.5,1.9,2.3,2.6,2.7,2.6,2.2,1.7,1.3,0.9,0.7,0.7,0.8,1.2,1.8,2.3,2.6,2.6
2022,4,April,15,2.4,2.1,1.6,1.3,1.1,1.0,1.2,1.5,2.0,2.5,2.8,2.8,2.6,2.1,1.6,1.1,0.8,0.6,0.7,1,1.5,2.2,2.7,2.8
2022,4,April,16,2.7,2.4,1.8,1.3,1.0,0.8,0.8,1.1,1.5,2.2,2.8,3.0,2.9,2.5,1.9,1.3,0.9,0.7,0.6,0.8,1.2,2.0,2.7,3.0
2022,4,April,17,2.9,2.7,2.1,1.5,1.0,0.7,0.6,0.7,1.1,1.7,2.4,2.9,3.0,2.8,2.4,1.7,1.2,0.8,0.7,0.7,1.0,1.6,2.4,3.0
2022,4,April,18,3.1,2.9,2.5,1.8,1.2,0.7,0.5,0.5,0.7,1.1,1.9,2.6,3.0,2.9,2.7,2.2,1.6,1.1,0.8,0.8,0.9,1.3,2.0,2.8
2022,4,April,19,3.2,3.1,2.8,2.2,1.5,0.9,0.5,0.3,0.4,0.7,1.3,2.1,2.7,2.9,2.8,2.5,2.0,1.4,1.1,0.9,0.9,1.2,1.7,2.5
2022,4,April,20,3.1,3.2,3.0,2.6,1.9,1.2,0.7,0.4,0.3,0.4,0.8,1.4,2.1,2.6,2.7,2.7,2.3,1.8,1.4,1.1,1.0,1.2,1.5,2.1
2022,4,April,21,2.8,3.2,3.2,2.9,2.4,1.7,1.1,0.6,0.4,0.3,0.5,0.9,1.5,2.1,2.4,2.5,2.4,2.1,1.7,1.3,1.2,1.2,1.4,1.8
2022,4,April,22,2.4,2.9,3.1,3.0,2.7,2.2,1.6,1.0,0.6,0.5,0.4,0.6,1.0,1.5,1.9,2.2,2.3,2.2,1.9,1.6,1.4,1.3,1.4,1.6
2022,4,April,23,2.0,2.5,2.8,3.0,2.9,2.6,2.1,1.6,1.1,0.8,0.6,0.6,0.7,1.0,1.4,1.7,1.9,2.1,2.0,1.9,1.7,1.5,1.5,1.6
2022,4,April,24,1.8,2.1,2.4,2.6,2.7,2.7,2.4,2.1,1.7,1.3,1.0,0.8,0.7,0.8,1.0,1.2,1.5,1.8,1.9,2,2.0,1.9,1.7,1.7
2022,4,April,25,1.7,1.8,1.9,2.1,2.3,2.5,2.5,2.5,2.2,1.9,1.6,1.3,1.0,0.8,0.7,0.8,1.0,1.3,1.7,2,2.1,2.2,2.1,1.9
2022,4,April,26,1.7,1.6,1.6,1.6,1.8,2.0,2.3,2.5,2.6,2.4,2.2,1.8,1.4,1.0,0.8,0.6,0.7,1.0,1.3,1.8,2.2,2.4,2.4,2.2
2022,4,April,27,1.9,1.7,1.4,1.3,1.3,1.5,1.8,2.2,2.6,2.7,2.6,2.3,1.9,1.4,1.0,0.7,0.6,0.7,1.0,1.5,2.1,2.4,2.6,2.5
2022,4,April,28,2.2,1.8,1.5,1.2,1.0,1.1,1.3,1.7,2.3,2.7,2.8,2.7,2.3,1.8,1.3,0.9,0.6,0.6,0.8,1.2,1.9,2.4,2.7,2.7
2022,4,April,29,2.5,2.1,1.6,1.2,0.9,0.8,0.9,1.2,1.8,2.4,2.8,2.9,2.7,2.2,1.6,1.1,0.8,0.6,0.7,1,1.6,2.3,2.8,2.9
2022,4,April,30,2.8,2.4,1.8,1.3,0.9,0.7,0.7,0.9,1.3,2.0,2.6,2.8,2.8,2.5,2.0,1.4,1.0,0.8,0.7,0.9,1.4,2.1,2.7,3.0
2022,5,May,1,2.9,2.6,2.1,1.5,1.0,0.7,0.5,0.6,0.9,1.6,2.3,2.7,2.8,2.7,2.3,1.8,1.3,0.9,0.8,0.9,1.2,1.8,2.5,3.0
2022,5,May,2,3.0,2.8,2.6,1.8,1.2,0.7,0.5,0.5,0.7,1.1,1.8,2.4,2.7,2.8,2.6,2.1,1.6,1.2,0.9,0.9,1.1,1.6,2.3,2.9
2022,5,May,3,3.1,2.9,2.6,2.1,1.4,0.9,0.6,0.4,0.5,0.8,1.4,2.1,2.5,2.7,2.6,2.3,1.8,1.4,1.1,1,1.1,1.4,2.0,2.6
2022,5,May,4,3.0,3.0,2.8,2.3,1.7,1.1,0.7,0.5,0.4,0.6,1.1,1.7,2.2,2.5,2.6,2.4,2.1,1.6,1.3,1.1,1.1,1.3,1.7,2.4
2022,5,May,5,2.9,3.0,2.9,2.6,2.0,1.4,0.9,0.6,0.5,0.5,0.8,1.3,1.8,2.2,2.4,2.4,2.2,1.8,1.4,1.2,1.2,1.3,1.6,2.1
2022,5,May,6,2.7,3.0,3.0,2.7,2.3,1.7,1.2,0.8,0.6,0.6,0.7,1.0,1.5,1.9,2.1,2.3,2.2,1.9,1.6,1.4,1.3,1.3,1.5,1.9
2022,5,May,7,2.4,2.8,2.9,2.8,2.5,2.1,1.5,1.1,0.9,0.7,0.7,0.9,1.2,1.6,1.9,2.0,2.1,2.0,1.7,1.5,1.4,1.4,1.5,1.7
2022,5,May,8,2.1,2.5,2.7,2.8,2.6,2.3,1.9,1.5,1.2,1.0,0.9,0.9,1.0,1.3,1.6,1.8,1.9,1.9,1.8,1.7,1.6,1.5,1.5,1.7
2022,5,May,9,1.9,2.2,2.5,2.6,2.6,2.4,2.2,1.8,1.5,1.3,1.1,1.0,1.0,1.1,1.3,1.5,1.7,1.8,1.9,1.9,1.8,1.7,1.6,1.7
2022,5,May,10,1.7,1.9,2.1,2.3,2.4,2.4,2.3,2.1,1.9,1.7,1.4,1.2,1.0,1.0,1.0,1.2,1.4,1.6,1.9,2,2.0,2.0,1.9,1.7
2022,5,May,11,1.7,1.7,1.8,1.9,2.0,2.2,2.3,2.3,2.2,2.0,1.8,1.5,1.2,1.0,0.9,1.0,1.1,1.4,1.7,2.1,2.2,2.3,2.2,2.0
2022,5,May,12,1.7,1.6,1.5,1.5,1.6,1.8,2.0,2.3,2.4,2.4,2.2,1.9,1.5,1.2,0.9,0.9,0.9,1.1,1.5,2,2.4,2.5,2.5,2.2
2022,5,May,13,1.9,1.6,1.3,1.2,1.2,1.4,1.7,2.0,2.4,2.6,2.5,2.3,1.9,1.4,1.1,0.9,0.8,0.9,1.3,1.8,2.4,2.7,2.8,2.6
2022,5,May,14,2.2,1.7,1.3,1.0,0.9,1.0,1.2,1.6,2.1,2.6,2.7,2.6,2.3,1.8,1.3,1.0,0.8,0.8,1.1,1.5,2.2,2.8,3.0,2.9
2022,5,May,15,2.6,2.0,1.5,1.0,0.7,0.7,0.8,1.1,1.7,2.3,2.7,2.8,2.6,2.2,1.7,1.2,0.9,0.8,0.9,1.3,1.8,2.6,3.1,3.1
2022,5,May,16,2.9,2.4,1.8,1.2,0.7,0.5,0.5,0.7,1.1,1.8,2.5,2.8,2.8,2.6,2.2,1.6,1.2,0.9,0.9,1.1,1.5,2.2,2.9,3.3
2022,5,May,17,3.2,2.8,2.2,1.5,0.9,0.5,0.3,0.3,0.6,1.2,1.9,2.5,2.8,2.8,2.6,2.0,1.5,1.2,1.0,1,1.3,1.8,2.5,3.2
2022,5,May,18,3.3,3.1,2.7,2.0,1.3,0.7,0.3,0.2,0.3,0.6,1.3,2.0,2.5,2.7,2.7,2.4,1.9,1.5,1.2,1.1,1.2,1.5,2.1,2.8
2022,5,May,19,3.3,3.3,3.0,2.5,1.8,1.1,0.6,0.3,0.2,0.3,0.7,1.4,2.0,2.4,2.6,2.6,2.3,1.8,1.4,1.2,1.2,1.4,1.8,2.4
2022,5,May,20,3.0,3.3,3.2,2.9,2.3,1.6,1.0,0.6,0.3,0.3,0.4,0.8,1.4,2.0,2.3,2.5,2.4,2.1,1.7,1.4,1.3,1.3,1.6,2.0
2022,5,May,21,2.5,3.0,3.2,3.1,2.8,2.2,1.6,1.0,0.6,0.4,0.4,0.6,0.9,1.4,1.9,2.2,2.3,2.3,2.0,1.7,1.5,1.4,1.5,1.7
2022,5,May,22,2.1,2.5,2.9,3.0,0.3,2.6,2.1,1.6,1.1,0.8,0.6,0.5,0.7,1.0,1.4,1.8,2.1,2.2,2.2,2,1.7,1.6,1.5,1.5
2022,5,May,23,1.7,2.0,2.4,2.7,2.8,2.8,2.5,2.1,1.7,1.3,1.0,0.7,0.7,0.7,1.0,1.3,1.7,2.0,2.2,2.2,2.1,1.8,1.7,1.6
2022,5,May,24,1.6,1.6,1.8,2.1,2.4,2.6,2.6,2.5,2.2,1.8,1.4,1.1,0.9,0.7,0.8,1.0,1.3,1.7,2.1,2.3,2.3,2.2,2.0,1.7
2022,5,May,25,1.6,1.5,1.4,1.6,1.8,2.1,2.4,2.5,2.5,2.3,2.0,1.6,1.2,0.9,0.8,0.8,1.0,1.4,1.8,2.2,2.5,2.5,2.3,2.0
2022,5,May,26,1.7,1.4,1.3,1.2,1.3,1.5,1.9,2.3,2.5,2.5,2.4,2.0,1.6,1.2,0.9,0.8,0.9,1.1,1.6,2.1,2.5,2.7,2.6,2.4
2022,5,May,27,2.0,1.6,1.2,1.0,0.9,1.1,1.4,1.8,2.3,2.5,2.6,2.4,2.0,1.6,1.2,0.9,0.8,1.0,1.3,1.8,2.4,2.7,2.8,2.7
2022,5,May,28,2.3,1.8,1.3,1.0,0.8,0.8,0.9,1.3,1.9,2.3,2.6,2.6,2.3,1.9,1.5,1.1,0.9,0.9,1.2,1.6,2.2,2.7,2.9,2.8
2022,5,May,29,2.6,2.1,1.5,1.1,0.8,0.6,0.7,0.9,1.4,2.0,2.4,2.6,2.5,2.2,1.8,1.4,1.1,1.0,1.1,1.4,1.9,2.5,2.9,3.0
2022,5,May,30,2.8,2.4,1.8,1.3,0.8,0.6,0.5,0.7,1.0,1.6,2.2,2.5,2.6,2.4,2.1,1.6,1.3,1.1,1.1,1.3,1.7,2.3,2.8,3.0
2022,5,May,31,2.9,2.6,2.1,1.5,1.0,0.6,0.5,0.5,0.8,1.3,1.8,2.3,2.5,2.6,2.3,1.9,1.5,1.2,1.1,1.2,1.5,2.0,2.6,3.0
2022,6,June,1,3.1,2.8,2.4,1.8,1.2,0.8,0.5,0.5,0.6,1.0,1.5,2.0,2.4,2.5,2.5,2.1,1.7,1.4,1.2,1.2,1.3,1.7,2.3,2.9
2022,6,June,2,3.1,3.0,2.7,2.1,1.5,1.0,0.7,0.5,0.5,0.7,1.2,1.7,2.2,2.4,2.5,2.3,1.9,1.6,1.3,1.2,1.3,1.6,2.0,2.6
2022,6,June,3,3.0,3.1,2.9,2.5,1.9,1.3,0.9,0.6,0.5,0.6,0.9,1.4,1.9,2.2,2.4,2.4,2.1,1.7,1.4,1.3,1.2,1.4,1.8,2.3
2022,6,June,4,2.8,3.1,3.0,2.7,2.2,1.6,1.1,0.8,0.6,0.6,0.7,1.1,1.6,2.0,2.2,2.3,2.2,1.9,1.6,1.4,1.3,1.3,1.6,2.1
2022,6,June,5,2.6,2.9,3.0,2.9,2.5,2.0,1.5,1.0,0.8,0.6,0.7,0.9,1.3,1.7,2.0,2.2,2.2,2.1,1.8,1.5,1.4,1.4,1.5,1.8
2022,6,June,6,2.2,2.6,2.9,2.9,2.7,2.3,1.8,1.3,1.0,0.8,0.7,0.8,1.1,1.4,1.8,2.0,2.2,2.1,2.0,1.7,1.5,1.4,1.4,1.6
2022,6,June,7,1.9,2.3,2.6,2.7,2.7,2.5,2.1,1.7,1.3,1.0,0.9,0.8,0.9,1.2,1.5,1.8,2.0,2.2,2.1,2,1.8,1.6,1.5,1.5
2022,6,June,8,1.7,1.9,2.2,2.4,2.5,2.5,2.3,2.0,1.7,1.3,1.1,0.9,0.9,1.0,1.2,1.5,1.8,2.1,2.3,2.2,2.1,1.9,1.6,1.5
2022,6,June,9,1.5,1.6,1.8,2.0,2.2,2.3,2.4,2.3,2.0,1.7,1.4,1.2,1.0,1.0,1.0,1.2,1.6,1.9,2.2,2.4,2.4,2.2,1.9,1.7
2022,6,June,10,1.5,1.4,1.4,1.5,1.7,2.0,2.2,2.3,2.3,2.1,1.8,1.5,1.2,1.0,1.0,1.1,1.3,1.7,2.1,2.5,2.6,2.6,2.3,1.9
2022,6,June,11,1.6,1.3,1.1,1.1,1.2,1.5,1.8,2.1,2.4,2.4,2.2,1.9,1.5,1.2,1.0,1.0,1.1,1.4,1.8,2.3,2.7,2.9,2.7,2.3
2022,6,June,12,1.9,1.4,1.0,0.8,0.8,1.0,1.3,1.7,2.2,2.4,2.5,2.3,2.0,1.6,1.2,1.1,1.0,1.2,1.5,2,2.6,3.0,3.0,2.7
2022,6,June,13,2.3,1.7,1.1,0.8,0.6,0.6,0.8,1.2,1.7,2.2,2.5,2.6,2.4,2.0,1.6,1.2,1.1,1.1,1.3,1.7,2.3,2.9,3.2,3.1
2022,6,June,14,2.7,2.2,1.5,0.9,0.5,0.4,0.4,0.7,1.1,1.8,2.3,2.6,2.7,2.5,2.0,1.6,1.2,1.1,1.2,1.4,1.9,2.6,3.2,3.3
2022,6,June,15,3.1,2.7,2.0,1.3,0.7,0.4,0.2,0.3,0.6,1.2,1.9,2.4,2.6,2.7,2.4,2.0,1.5,1.3,1.2,1.3,1.6,2.1,2.8,3.3
2022,6,June,16,3.4,3.1,2.6,1.9,1.2,0.6,0.3,0.2,0.3,0.6,1.2,1.9,2.4,2.6,2.6,2.4,1.9,1.5,1.3,1.2,1.4,1.7,2.3,3.0
2022,6,June,17,3.4,3.4,3.0,2.5,1.8,1.1,0.6,0.3,0.2,0.3,0.7,1.3,2.0,2.4,2.6,2.6,2.3,1.8,1.5,1.3,1.2,1.4,1.8,2.5
2022,6,June,18,3.1,3.4,3.3,3.0,2.4,1.7,1.0,0.6,0.3,0.2,0.4,0.8,1.4,2.0,2.4,2.6,2.5,2.1,1.7,1.4,1.3,1.3,1.5,2.0
2022,6,June,19,2.6,3.1,3.3,3.2,2.8,2.2,1.6,1.0,0.6,0.4,0.3,0.5,1.0,1.5,2.1,2.4,2.5,2.4,2.0,1.7,1.4,1.3,1.3,1.6
2022,6,June,20,2.0,2.6,3.0,3.2,0.3,2.7,2.1,1.5,1.0,0.7,0.5,0.5,0.7,1.1,1.7,2.1,2.4,2.4,2.3,2,1.6,1.4,1.3,1.4
2022,6,June,21,1.6,2.0,2.4,2.8,2.9,2.8,2.5,2.0,1.5,1.1,0.8,0.7,0.6,0.9,1.3,1.8,2.2,2.4,2.4,2.3,2.0,1.7,1.4,1.3
2022,6,June,22,1.4,1.5,1.8,2.2,2.5,2.6,2.6,2.3,2.0,1.6,1.2,1.0,0.8,0.8,1.0,1.4,1.9,2.2,2.4,2.5,2.3,2.0,1.7,1.5
2022,6,June,23,1.3,1.3,1.4,1.6,1.9,2.2,2.4,2.4,2.3,2.0,1.6,1.3,1.1,1.0,1.0,1.2,1.6,2.0,2.3,2.5,2.5,2.3,2.0,1.7
2022,6,June,24,1.4,1.2,1.1,1.2,1.3,1.6,1.9,2.2,2.3,2.2,2.0,1.7,1.4,1.2,1.1,1.1,1.3,1.7,2.1,2.4,2.6,2.6,2.4,2.0
2022,6,June,25,1.7,1.3,1.1,0.9,1.0,1.1,1.4,1.8,2.1,2.3,2.2,2.0,1.7,1.5,1.2,1.2,1.2,1.5,1.9,2.3,2.6,2.7,2.6,2.4
2022,6,June,26,2.0,1.5,1.1,0.9,0.8,0.8,1.0,1.4,1.8,2.1,2.3,2.3,2.1,1.7,1.4,1.3,1.2,1.3,1.6,2,2.5,2.8,2.8,2.6
2022,6,June,27,2.3,1.8,1.3,0.9,0.7,0.6,0.8,1.0,1.4,1.9,2.2,2.4,2.3,2.0,1.7,1.4,1.2,1.3,1.4,1.8,2.3,2.7,2.9,2.8
2022,6,June,28,2.6,2.1,1.6,1.1,0.8,0.6,0.6,0.8,1.1,1.6,2.1,2.4,2.4,2.3,1.9,1.6,1.3,1.2,1.3,1.6,2.0,2.5,2.9,3.0
2022,6,June,29,2.8,2.4,1.9,1.4,0.9,0.6,0.5,0.6,0.9,1.3,1.8,2.2,2.4,2.4,2.2,1.8,1.5,1.3,1.2,1.4,1.7,2.2,2.7,3.0
2022,6,June,30,3.0,2.7,2.3,1.7,1.1,0.8,0.5,0.5,0.7,1.0,1.5,2.0,2.4,2.5,2.4,2.0,1.6,1.3,1.2,1.2,1.5,1.9,2.5,2.9
2022,7,July,1,3.1,3.0,2.6,2.0,1.5,1.0,0.6,0.5,0.6,0.8,1.3,1.8,2.2,2.4,2.5,2.2,1.9,1.5,1.2,1.2,1.3,1.7,2.2,2.7
2022,7,July,2,3.1,3.1,2.9,2.4,1.8,1.2,0.8,0.6,0.5,0.6,1.0,1.5,2.0,2.3,2.5,2.4,2.1,1.7,1.4,1.2,1.2,1.5,1.9,2.4
2022,7,July,3,2.9,3.1,3.0,2.7,2.2,1.6,1.0,0.7,0.5,0.5,0.8,1.2,1.8,2.2,2.4,2.4,2.3,1.9,1.5,1.3,1.2,1.3,1.6,2.1
2022,7,July,4,2.6,3.0,3.1,2.9,2.5,1.9,1.3,0.9,0.7,0.6,0.7,1.0,1.5,2.0,2.3,2.4,2.4,2.1,1.7,1.4,1.2,1.2,1.4,1.8
2022,7,July,5,2.3,2.8,3.0,2.9,2.7,2.2,1.6,1.1,0.8,0.6,0.6,0.8,1.2,1.7,2.1,2.4,2.4,2.3,2.0,1.6,1.3,1.2,1.3,1.5
2022,7,July,6,1.9,2.4,2.7,2.8,2.7,2.4,2.0,1.5,1.1,0.8,0.7,0.8,1.0,1.4,1.9,2.3,2.4,2.4,2.2,1.9,1.6,1.3,1.2,1.3
2022,7,July,7,1.5,1.9,2.3,2.5,2.6,2.5,2.2,1.8,1.4,1.1,0.9,0.8,0.9,1.2,1.6,2.0,2.3,2.5,2.5,2.2,1.9,1.5,1.3,1.2
2022,7,July,8,1.3,1.5,1.7,2.1,2.3,2.4,2.3,2.1,1.8,1.4,1.1,1.0,1.0,1.1,1.4,1.7,2.1,2.4,2.6,2.5,2.3,1.9,1.6,1.3
2022,7,July,9,1.2,1.2,1.3,1.5,1.8,2.0,2.2,2.2,2.1,1.8,1.6,1.3,1.1,1.1,1.3,1.5,1.8,2.2,2.5,2.7,2.6,2.3,2.0,1.6
2022,7,July,10,1.2,1.0,1.0,1.0,1.2,1.5,1.8,2.1,2.2,2.2,2.0,1.7,1.4,1.3,1.2,1.3,1.5,1.9,2.3,2.6,2.8,2.7,2.4,2.0
2022,7,July,11,1.5,1.1,0.8,0.7,0.8,1.0,1.3,1.7,2.1,2.2,2.3,2.2,1.9,1.5,1.3,1.3,1.4,1.6,1.9,2.4,2.8,3.0,2.8,2.5
2022,7,July,12,2.0,1.4,1.0,0.7,0.5,0.6,0.8,1.2,1.7,2.1,2.4,2.4,2.3,2.0,1.6,1.4,1.3,1.4,1.6,2,2.5,3.0,3.1,3.0
2022,7,July,13,2.6,2.0,1.3,0.8,0.5,0.4,0.4,0.7,1.1,1.7,2.2,2.5,2.5,2.4,2.0,1.6,1.3,1.3,1.4,1.6,2.1,2.7,3.2,3.3
2022,7,July,14,3.0,2.6,1.9,1.2,0.7,0.4,0.2,0.3,0.6,1.1,1.8,2.3,2.6,2.6,2.4,1.9,1.5,1.3,1.2,1.4,1.7,2.2,2.9,3.3
2022,7,July,15,3.4,3.1,2.5,1.8,1.1,0.6,0.3,0.2,0.3,0.6,1.2,2.0,2.4,2.6,2.6,2.3,1.8,1.4,1.2,1.2,1.4,1.7,2.4,3.1
2022,7,July,16,3.4,3.4,3.1,2.5,1.7,1.0,0.6,0.3,0.2,0.3,0.7,1.4,2.1,2.5,2.7,2.6,2.2,1.7,1.3,1.1,1.1,1.4,1.8,2.5
2022,7,July,17,3.2,3.4,3.3,3.0,2.3,1.6,1.0,0.5,0.3,0.2,0.4,1.0,1.7,2.3,2.6,2.7,2.5,2.0,1.6,1.2,1.1,1.1,1.4,1.9
2022,7,July,18,2.6,3.2,3.4,3.2,2.8,2.2,1.5,0.9,0.5,0.3,0.3,0.6,1.3,2.0,2.4,2.6,2.6,2.3,1.9,1.4,1.1,1.0,1.1,1.4
2022,7,July,19,2.0,2.6,3.1,3.2,0.3,2.6,1.9,1.3,0.9,0.6,0.5,0.6,1.0,1.6,2.2,2.5,2.6,2.5,2.2,1.7,1.3,1.1,1.0,1.2
2022,7,July,20,1.5,2.0,2.5,2.8,2.9,2.7,2.3,1.8,1.3,0.9,0.7,0.7,0.9,1.3,1.9,2.3,2.5,2.6,2.4,2.1,1.6,1.3,1.1,1.1
2022,7,July,21,1.2,1.5,1.9,2.3,2.5,2.5,2.4,2.1,1.7,1.3,1.1,0.9,1.0,1.2,1.6,2.0,2.4,2.5,2.5,2.3,2.0,1.6,1.3,1.2
2022,7,July,22,1.1,1.2,1.4,1.7,2.0,2.2,2.2,2.1,1.9,1.6,1.4,1.2,1.2,1.2,1.4,1.8,2.1,2.4,2.5,2.5,2.3,2.0,1.6,1.4
2022,7,July,23,1.2,1.1,1.1,1.2,1.5,1.7,1.9,2.0,2.0,1.9,1.7,1.5,1.4,1.4,1.4,1.6,1.9,2.1,2.4,2.5,2.5,2.3,2.0,1.7
2022,7,July,24,1.4,1.1,1.0,1.0,1.1,1.3,1.5,1.7,1.9,2.0,2.0,1.8,1.7,1.5,1.5,1.5,1.7,1.9,2.2,2.4,2.5,2.5,2.3,2.0
2022,7,July,25,1.7,1.3,1.0,0.9,0.8,0.9,1.1,1.4,1.7,2.0,2.1,2.1,1.9,1.7,1.5,1.5,1.5,1.7,1.9,2.2,2.5,2.6,2.6,2.4
2022,7,July,26,2.0,1.6,1.2,0.9,0.7,0.7,0.8,1.1,1.4,1.8,2.1,2.2,2.1,1.9,1.7,1.5,1.4,1.5,1.7,2,2.3,2.6,2.8,2.7
2022,7,July,27,2.4,1.9,1.4,1.0,0.7,0.6,0.7,0.8,1.2,1.6,2.0,2.3,2.3,2.2,1.8,1.5,1.3,1.3,1.4,1.7,2.1,2.5,2.8,2.9
2022,7,July,28,2.7,2.3,1.8,1.3,0.9,0.6,0.6,0.7,0.9,1.4,1.9,2.3,2.4,2.4,2.1,1.7,1.4,1.2,1.2,1.5,1.8,2.3,2.8,3.0
2022,7,July,29,3.0,2.7,2.2,1.6,1.1,0.7,0.5,0.5,0.7,1.1,1.7,2.2,2.5,2.5,2.3,1.9,1.5,1.2,1.1,1.2,1.5,2.0,2.5,3.0
2022,7,July,30,3.1,2.9,2.5,2.0,1.3,0.9,0.6,0.5,0.6,0.9,1.4,2.0,2.4,2.6,2.5,2.2,1.7,1.3,1.1,1.1,1.3,1.7,2.2,2.8
2022,7,July,31,3.1,3.1,2.8,2.3,1.7,1.1,0.7,0.5,0.5,0.7,1.1,1.8,2.3,2.6,2.6,2.4,2.0,1.5,1.2,1.1,1.1,1.4,1.9,2.5
2022,8,August,1,3.0,3.2,3.0,2.6,2.0,1.4,0.9,0.6,0.5,0.6,0.9,1.5,2.1,2.5,2.6,2.5,2.2,1.7,1.3,1.1,1.0,1.2,1.6,2.1
2022,8,August,2,2.7,3.1,3.1,2.8,2.3,1.7,1.1,0.8,0.6,0.5,0.8,1.2,1.9,2.4,2.6,2.6,2.4,2.0,1.5,1.2,1.0,1.0,1.3,1.7
2022,8,August,3,2.3,2.8,3.0,2.9,2.6,2.0,1.4,1.0,0.7,0.6,0.7,1.0,1.6,2.2,2.6,2.7,2.6,2.3,1.8,1.3,1.0,0.9,1.1,1.1
2022,8,August,4,1.9,2.4,2.8,2.8,2.7,2.3,1.7,1.2,0.9,0.7,0.7,1.0,1.4,1.9,2.4,2.7,2.7,2.5,2.1,1.6,1.2,1.0,0.9,1.1
2022,8,August,5,1.4,1.9,2.3,2.6,2.6,2.4,2.0,1.6,1.2,0.9,0.9,1.0,1.2,1.7,2.2,2.5,2.7,2.6,2.4,1.9,1.5,1.2,1.0,0.9
2022,8,August,6,1.1,1.4,1.8,2.1,2.3,2.4,2.2,1.9,1.5,1.3,1.1,1.1,1.2,1.5,1.9,2.2,2.5,2.7,2.6,2.3,1.9,1.5,1.2,1.0
2022,8,August,7,0.9,1.0,1.2,1.5,1.8,2.0,2.1,2.0,1.9,1.7,1.5,1.3,1.3,1.4,1.6,1.9,2.2,2.5,2.6,2.6,2.4,2.0,1.6,1.3
2022,8,August,8,1.0,0.9,0.9,1.0,1.2,1.5,1.8,1.9,2.0,2.0,1.9,1.7,1.5,1.5,1.5,1.7,1.9,2.2,2.5,2.6,2.7,2.5,2.2,1.8
2022,8,August,9,1.3,1.0,0.8,0.7,0.8,1.0,1.3,1.6,1.9,2.1,2.2,2.1,1.9,1.7,1.5,1.5,1.6,1.8,2.1,2.5,2.7,2.8,2.7,2.3
2022,8,August,10,1.9,1.4,0.9,0.6,0.5,0.6,0.8,1.1,1.6,2.0,2.3,2.4,2.3,2.0,1.7,1.5,1.4,1.5,1.7,2.1,2.5,2.9,3.0,2.9
2022,8,August,11,2.5,1.9,1.3,0.8,0.5,0.4,0.4,0.7,1.1,1.7,2.2,2.5,2.5,2.3,2.0,1.6,1.3,1.3,1.4,1.7,2.1,2.7,3.1,3.2
2022,8,August,12,3.0,2.5,1.9,1.2,0.7,0.4,0.3,0.3,0.6,1.2,1.9,2.4,2.6,2.6,2.3,1.8,1.4,1.2,1.1,1:03,1.6,2.2,2.9,3.3
2022,8,August,13,3.3,3.1,2.5,1.8,1.1,0.6,0.3,0.2,0.3,0.8,1.5,2.2,2.6,2.7,2.6,2.2,1.7,1.2,1.0,1,1.2,1.7,2.4,3.1
2022,8,August,14,3.5,3.4,3.0,2.4,1.6,1.0,0.5,0.3,0.2,0.5,1.0,1.9,2.5,2.7,2.8,2.5,2.0,1.4,1.1,0.9,0.9,1.2,1.8,2.6
2022,8,August,15,3.2,3.4,3.3,2.9,2.2,1.4,0.9,0.5,0.3,0.4,0.7,1.4,2.2,2.7,2.8,2.7,2.3,1.8,1.2,0.9,0.8,0.9,1.3,1.9
2022,8,August,16,2.7,3.2,3.3,3.1,2.6,1.9,1.3,0.8,0.5,0.4,0.6,1.1,1.9,2.5,2.8,2.8,2.6,2.1,1.5,1.1,0.8,0.8,0.9,1.4
2022,8,August,17,2.1,2.7,3.1,3.1,2.8,2.3,1.7,1.1,0.8,0.6,0.6,1.0,1.6,2.2,2.7,2.8,2.7,2.4,1.8,1.3,1.0,0.8,0.8,1.0
2022,8,August,18,1.5,2.1,2.6,2.8,2.7,2.5,2.0,1.5,1.1,0.9,0.8,1.0,1.4,2.0,2.5,2.7,2.7,2.5,2.1,1.6,1.2,0.9,0.8,0.9
2022,8,August,19,1.1,1.6,2.1,2.4,2.5,2.4,2.1,1.7,1.4,1.2,1.1,1.1,1.4,1.8,2.2,2.5,2.6,2.6,2.3,1.9,1.5,1.2,1.0,0.9
2022,8,August,20,1.0,1.2,1.6,1.9,2.0,2.1,2.0,1.8,1.6,1.4,1.3,1.3,1.4,1.7,2.0,2.3,2.5,2.5,2.4,2.2,1.9,1.5,1.3,1.1
2022,8,August,21,1.0,1.1,1.2,1.4,1.6,1.7,1.8,1.8,1.8,1.7,1.6,1.6,1.6,1.6,1.8,2.0,2.2,2.3,2.4,2.3,2.1,1.9,1.7,1.4
2022,8,August,22,1.2,1.1,1.1,1.1,1.2,1.4,1.5,1.7,1.8,1.8,1.8,1.8,1.7,1.7,1.7,1.8,2.0,2.1,2.2,2.3,2.3,2.3,2.1,1.8
2022,8,August,23,1.5,1.2,1.0,0.9,0.9,1.0,1.2,1.4,1.7,1.9,2.0,2.0,1.9,1.7,1.6,1.6,1.7,1.8,2.0,2.2,2.4,2.5,2.4,2.2
2022,8,August,24,1.9,1.5,1.1,0.9,0.8,0.8,0.9,1.2,1.5,1.9,2.1,2.2,2.1,1.9,1.6,1.5,1.5,1.6,1.8,2,2.3,2.6,2.7,2.6
2022,8,August,25,2.3,1.8,1.4,1.0,0.7,0.6,0.7,1.0,1.3,1.8,2.2,2.4,2.3,2.1,1.7,1.5,1.3,1.3,1.5,1.7,2.1,2.6,2.8,2.9
2022,8,August,26,2.7,2.2,1.7,1.2,0.8,0.6,0.6,0.8,1.1,1.6,2.1,2.4,2.5,2.3,1.9,1.5,1.3,1.2,1.2,1.5,1.9,2.4,2.8,3.0
2022,8,August,27,2.9,2.6,2.1,1.4,1.0,0.7,0.5,0.6,0.9,1.4,2.0,2.5,2.6,2.5,2.2,1.7,1.3,1.1,1.1,1.2,1.5,2.1,2.7,3.1
2022,8,August,28,3.1,2.9,2.4,1.8,1.2,0.8,0.6,0.5,0.7,1.2,1.8,2.4,2.7,2.7,2.4,2.0,1.5,1.1,1.0,1,1.3,1.7,2.4,2.9
2022,8,August,29,3.2,3.0,2.7,2.1,1.5,1.0,0.6,0.5,0.6,0.9,1.6,2.3,2.7,2.8,2.6,2.3,1.7,1.2,0.9,0.9,1.0,1.4,1.9,2.6
2022,8,August,30,3.1,3.1,2.9,2.5,1.8,1.2,0.8,0.6,0.6,0.8,1.3,2.0,2.6,2.8,2.8,2.5,2.0,1.4,1.0,0.8,0.8,1.1,1.5,2.2
2022,8,August,31,2.8,3.1,3.0,2.7,2.1,1.5,1.0,0.7,0.6,0.7,1.1,1.7,2.4,2.8,2.9,2.7,2.3,1.7,1.2,0.9,0.7,0.8,1.2,1.7
2022,9,September ,1,2.4,2.9,3.0,2.8,2.4,1.8,1.3,0.9,0.7,0.8,1.0,1.5,2.2,2.7,2.9,2.8,2.5,2.0,1.4,1,0.7,0.7,0.9,1.3
2022,9,September ,2,1.9,2.5,2.8,2.8,2.6,2.1,1.6,1.1,0.9,0.9,1.0,1.4,1.9,2.5,2.9,2.9,2.7,2.3,1.7,1.2,0.9,0.7,0.7,1.0
2022,9,September ,3,1.4,1.9,2.4,2.5,2.5,2.3,1.9,1.5,1.2,1.0,1.1,1.3,1.7,2.2,2.6,2.8,2.8,2.6,2.1,1.6,1.2,0.9,0.7,0.8
2022,9,September ,4,1.0,1.4,1.8,2.1,2.3,2.2,2.1,1.8,1.5,1.3,1.3,1.3,1.6,1.9,2.3,2.6,2.7,2.7,2.4,2.1,1.6,1.3,1.0,0.9
2022,9,September ,5,0.9,1.0,1.3,1.5,1.8,2.0,2.0,1.9,1.8,1.7,1.5,1.5,1.6,1.7,2.0,2.2,2.4,2.6,2.6,2.4,2.1,1.8,1.5,1.2
2022,9,September ,6,1.0,0.9,0.9,1.0,1.2,1.5,1.7,1.9,2.0,2.0,1.9,1.8,1.7,1.7,1.7,1.9,2.0,2.3,2.5,2.6,2.5,2.4,2.1,1.7
2022,9,September ,7,1.3,1.0,0.8,0.7,0.8,1.0,1.2,1.6,1.9,2.2,2.2,2.2,2.0,1.8,1.6,1.6,1.7,1.8,2.1,2.4,2.7,2.8,2.6,2.3
2022,9,September ,8,1.9,1.4,1.0,0.7,0.5,0.6,0.8,1.2,1.7,2.1,2.4,2.5,2.3,2.0,1.7,1.5,1.4,1.4,1.7,2,2.5,2.9,3.0,2.9
2022,9,September ,9,2.5,1.9,1.3,0.9,0.5,0.4,0.5,0.8,1.3,1.9,2.4,2.6,2.6,2.3,1.9,1.5,1.2,1.2,1.3,1.6,2.1,2.7,3.2,3.2
2022,9,September ,10,3.0,2.5,1.9,1.2,0.7,0.4,0.3,0.5,0.9,1.6,2.3,2.6,2.8,2.6,2.2,1.6,1.2,1.0,1.0,1.2,1.6,2.2,3.0,3.3
2022,9,September ,11,3.3,3.0,2.4,1.7,1.0,0.6,0.4,0.4,0.6,1.2,0.2,2.6,2.8,2.8,2.5,2.0,1.4,1.0,0.8,0.9,1.1,1.7,2.5,3.2
2022,9,September ,12,3.4,3.3,2.9,2.2,1.5,0.9,0.5,0.4,0.5,0.9,1.7,2.5,2.8,2.9,2.7,2.3,1.7,1.1,0.8,0.7,0.8,1.2,1.9,2.7
2022,9,September ,13,3.2,3.3,3.1,2.6,1.9,1.3,0.8,0.5,0.5,0.7,1.3,2.2,2.8,3.0,2.9,2.6,2.0,1.4,0.9,0.6,0.6,0.8,1.3,2.1
2022,9,September ,14,2.8,3.2,3.1,2.9,2.3,1.6,1.1,0.8,0.6,0.7,1.1,1.8,2.6,2.9,2.9,2.7,2.3,1.7,1.1,0.7,0.6,0.6,0.9,1.5
2022,9,September ,15,2.3,2.8,3.0,2.9,2.5,2.0,1.4,1.1,0.9,0.9,1.1,1.6,2.3,2.8,3.0,2.8,2.5,2.0,1.4,0.9,0.7,0.6,0.8,1.1
2022,9,September ,16,1.7,2.3,2.6,2.7,2.6,2.2,1.7,1.3,1.1,1.0,1.1,1.5,2.0,2.6,2.9,2.8,2.6,2.2,1.7,1.2,0.9,0.7,0.7,0.9
2022,9,September ,17,1.3,1.8,2.2,2.4,2.4,2.2,1.9,1.5,1.3,1.2,1.3,1.5,1.9,2.3,2.7,2.8,2.7,2.4,2.0,1.5,1.2,1.0,0.9,0.9
2022,9,September ,18,1.1,1.4,1.8,2.0,2.1,2.1,1.9,1.7,1.5,1.4,1.5,1.6,1.8,2.1,2.4,2.6,2.6,2.4,2.2,1.8,1.5,1.3,1.1,1.0
2022,9,September ,19,1.1,1.2,1.4,1.6,1.7,1.8,1.8,1.7,1.7,1.6,1.6,1.7,1.8,2.0,2.2,2.3,2.4,2.4,2.3,2.1,1.9,1.7,1.5,1.3
2022,9,September ,20,1.2,1.1,1.2,1.3,1.4,1.5,1.6,1.7,1.8,1.8,1.8,1.8,1.8,1.8,1.9,2.0,2.1,2.2,2.2,2.2,2.2,2.1,1.9,1.7
2022,9,September ,21,1.4,1.2,1.1,1.0,1.1,1.2,1.4,1.6,1.8,2.0,2.0,2.0,1.9,1.8,1.8,1.8,1.8,1.9,2.1,2.2,2.4,2.4,2.3,2.1
2022,9,September ,22,1.8,1.4,1.1,0.9,0.9,0.9,1.1,1.4,1.8,2.1,2.2,2.2,2.1,1.8,1.6,1.6,1.5,1.6,1.8,2.1,2.4,2.6,2.6,2.5
2022,9,September ,23,2.2,1.7,1.3,1.0,0.8,0.7,0.9,1.2,1.7,2.1,2.4,2.4,2.3,2.0,1.6,1.4,1.3,1.3,1.5,1.8,2.2,2.7,2.9,2.8
2022,9,September ,24,2.5,2.1,1.5,1.1,0.8,0.7,0.7,1.0,1.5,2.1,2.5,2.6,2.5,2.2,1.8,1.4,1.2,1.1,1.2,1.5,2.0,2.5,2.9,3.0
2022,9,September ,25,2.8,2.4,1.8,1.3,0.9,0.7,0.6,0.9,1.3,2.0,2.5,2.8,2.7,2.5,2.0,1.5,1.1,1.0,1.0,1.2,1.6,2.2,2.8,3.1
2022,9,September ,26,3.0,2.7,2.2,1.5,1.0,0.8,0.6,0.7,1.1,1.7,2.4,2.9,2.9,2.7,2.3,1.7,1.2,0.9,0.8,0.9,1.3,1.8,2.5,3.0
2022,9,September ,27,3.1,3.0,2.5,1.9,1.3,0.9,0.7,0.7,0.9,1.4,2.2,2.8,3.0,2.9,2.6,2.0,1.4,0.9,0.7,0.7,0.9,1.4,2.1,2.8
2022,9,September ,28,3.1,3.1,2.8,2.3,1.6,1.1,0.8,0.7,0.9,1.2,1.9,2.7,3.1,3.0,2.8,2.3,1.7,1.1,0.7,0.6,0.7,1.0,1.6,2.3
2022,9,September ,29,2.9,3.1,2.9,2.6,2.0,1.4,1.0,0.9,0.9,1.1,1.6,2.3,3.0,3.1,3.0,2.6,2.0,1.3,0.9,0.6,0.5,0.7,1.1,1.8
2022,9,September ,30,2.5,2.9,2.9,2.7,2.3,1.7,1.3,1.0,1.0,1.1,1.5,2.0,2.7,3.1,3.1,2.8,2.3,1.7,1.1,0.7,0.5,0.6,0.8,1.3
2022,10,November,1,1.9,2.5,2.7,2.7,2.5,2.0,1.6,1.3,1.1,1.2,1.4,1.8,2.4,2.9,3.1,3.0,2.6,2.1,1.4,1,0.7,0.6,0.7,1.0
2022,10,November,2,1.4,1.9,2.3,2.5,2.4,2.2,1.9,1.5,1.3,1.3,1.4,1.7,2.1,2.6,2.9,3.0,2.8,2.4,1.9,1.4,1.0,0.8,0.7,0.8
2022,10,November,3,1.0,1.4,1.8,2.1,2.2,2.2,2.0,1.8,1.6,1.5,1.5,1.6,1.9,2.2,2.6,2.8,2.8,2.6,2.3,1.9,1.5,1.2,1.0,0.9
2022,10,November,4,0.9,1.0,1.3,1.5,1.8,1.9,2.0,2.0,1.9,1.8,1.7,1.7,1.8,1.9,2.2,2.4,2.5,2.6,2.5,2.4,2.1,1.8,1.5,1.2
2022,10,November,5,1.0,0.9,0.9,1.1,1.3,1.5,1.8,2.0,2.1,2.1,2.0,1.9,1.8,1.8,1.8,1.9,2.1,2.3,2.5,2.6,2.5,2.4,2.1,1.7
2022,10,November,6,1.4,1.1,0.8,0.8,0.8,1.1,1.4,1.8,2.1,2.3,2.4,2.2,2.0,1.8,1.6,1.6,1.6,1.8,2.1,2.4,2.7,2.8,2.7,2.3
2022,10,November,7,1.9,1.4,1.0,0.7,0.6,0.7,1.0,1.5,2.0,2.4,2.6,2.6,2.3,1.9,1.6,1.4,1.3,1.3,1.6,2,2.6,2.9,3.0,2.9
2022,10,November,8,2.4,1.9,1.3,0.9,0.6,0.5,0.7,1.1,1.8,2.4,2.7,2.8,2.6,2.2,1.7,1.3,1.1,1.0,1.2,1.5,2.1,2.8,3.1,3.2
2022,10,November,9,2.9,2.4,1.7,1.2,0.8,0.6,0.6,0.9,1.4,2.2,2.7,2.9,2.9,2.5,2.0,1.4,1.0,0.8,0.8,1.1,1.6,2.3,3.0,3.2
2022,10,November,10,3.2,2.8,2.2,1.5,1.0,0.7,0.6,0.7,1.2,1.9,2.6,3.0,3.0,2.8,2.3,1.7,1.1,0.8,0.6,0.8,1.1,1.8,2.6,3.1
2022,10,November,11,3.2,3.1,2.6,2.0,1.4,0.9,0.7,0.7,1.0,1.6,2.4,3.0,3.1,3.0,2.6,2.0,1.3,0.8,0.6,0.6,0.8,1.2,2.0,2.8
2022,10,November,12,3.1,3.1,2.9,2.3,1.7,1.2,0.9,0.8,0.9,1.4,2.1,2.8,3.1,3.1,2.8,2.3,1.6,1.0,0.7,0.5,0.6,0.9,1.5,2.3
2022,10,November,13,2.8,3.0,3.0,2.6,2.1,1.5,1.2,1.0,1.0,1.2,1.8,2.5,3.0,3.1,2.9,2.5,1.9,1.3,0.8,0.6,0.5,0.7,1.1,1.8
2022,10,November,14,2.4,2.8,2.9,2.7,2.3,1.8,1.4,1.2,1.1,1.2,1.6,2.2,2.8,3.1,3.0,2.7,2.2,1.6,1.1,0.7,0.6,0.6,0.9,1.4
2022,10,November,15,2.0,2.4,2.6,2.6,2.4,2.0,1.6,1.4,1.3,1.3,1.5,2.0,2.6,3.0,3.0,2.8,2.4,1.9,1.4,1,0.7,0.7,0.8,1.1
2022,10,November,16,1.6,2.0,2.3,2.4,2.4,2.1,1.8,1.5,1.4,1.4,1.6,1.9,2.3,2.7,2.9,2.8,2.6,2.2,1.7,1.3,1.0,0.9,0.9,1.0
2022,10,November,17,1.3,1.7,1.9,2.1,2.2,2.1,1.9,1.7,1.6,1.5,1.6,1.8,2.1,2.5,2.7,2.7,2.6,2.4,2.0,1.6,1.4,1.2,1.1,1.1
2022,10,November,18,1.2,1.4,1.6,1.8,1.9,1.9,1.9,1.8,1.7,1.7,1.7,1.8,2.0,2.2,2.4,2.5,2.5,2.4,2.2,2,1.7,1.6,1.4,1.3
2022,10,November,19,1.2,1.2,1.3,1.5,1.6,1.7,1.8,1.9,1.9,1.9,1.9,1.8,1.9,2.0,2.1,2.2,2.3,2.3,2.3,2.2,2.1,1.9,1.8,1.6
2022,10,November,20,1.3,1.2,1.2,1.2,1.3,1.5,1.7,1.9,2.0,2.1,2.1,2.0,1.9,1.8,1.9,1.9,2.0,2.1,2.2,2.3,2.3,2.3,2.2,1.9
2022,10,November,21,1.6,1.3,1.1,1.0,1.1,1.2,1.5,1.9,2.1,2.3,2.3,2.2,2.0,1.8,1.7,1.6,1.6,1.8,2.0,2.2,2.5,2.6,2.5,2.3
2022,10,November,22,1.9,1.5,1.2,1.0,0.9,1.0,1.3,1.7,2.2,2.5,2.6,2.5,2.2,1.8,1.6,1.4,1.3,1.4,1.6,2,2.4,2.7,2.7,2.6
2022,10,November,23,2.3,1.8,1.4,1.1,0.9,0.9,1.1,1.6,2.1,2.6,2.8,2.7,2.5,2.0,1.6,1.3,1.1,1.1,1.3,1.6,2.2,2.6,2.9,2.9
2022,10,November,24,2.6,2.1,1.6,1.2,0.9,0.8,1.0,1.3,1.9,2.6,2.9,2.9,2.7,2.3,1.7,1.3,1.0,0.8,0.9,1.3,1.8,2.4,2.9,3.0
2022,10,November,25,2.9,2.5,1.9,1.4,1.1,0.9,0.9,1.2,1.7,2.4,3.0,3.1,3.0,2.6,2.0,1.4,0.9,0.7,0.7,0.9,1.3,2.0,2.7,3.0
2022,10,November,26,3.0,2.8,2.3,1.7,1.3,1.0,0.9,1.1,1.4,2.1,2.9,3.2,3.2,2.9,2.3,1.7,1.1,0.7,0.5,0.6,0.9,1.5,2.2,2.8
2022,10,November,27,3.0,3.0,2.7,2.1,1.6,1.2,1.0,1.1,1.3,1.8,2.5,3.2,3.3,3.1,2.7,2.0,1.3,0.8,0.5,0.4,0.6,1.0,1.7,2.4
2022,10,November,28,2.9,3.0,2.9,2.5,1.9,1.5,1.2,1.1,1.2,1.6,2.2,2.9,3.3,3.3,3.0,2.4,1.7,1.1,0.6,0.4,0.4,0.7,1.2,1.8
2022,10,November,29,2.5,2.8,2.8,2.7,2.3,1.8,1.5,1.3,1.3,1.5,1.9,2.5,3.1,3.3,3.2,2.8,2.2,1.5,0.9,0.6,0.5,0.5,0.8,1.3
2022,10,November,30,1.9,2.4,2.6,2.7,2.5,2.1,1.7,1.5,1.4,1.5,1.7,2.2,2.8,3.2,3.2,3.0,2.6,2.0,1.4,0.9,0.7,0.6,0.7,0.9
2022,10,November,31,1.4,1.9,2.2,2.4,2.5,2.3,2.0,1.7,1.5,1.5,1.7,2.0,2.4,2.8,3.1,3.1,2.8,2.4,1.9,1.4,1.0,0.8,0.7,0.8
2022,11,November,1,1.0,1.4,1.8,2.1,2.2,2.3,2.2,2.0,1.8,1.7,1.7,1.8,2.1,2.4,2.7,2.9,2.9,2.7,2.4,2,1.6,1.2,1.0,0.9
2022,11,November,2,0.9,1.0,1.3,1.6,1.9,2.1,2.2,2.2,2.1,1.9,1.8,1.8,1.9,2.0,2.2,2.4,2.6,2.7,2.6,2.4,2.1,1.8,1.5,1.2
2022,11,November,3,1.0,0.9,1.0,1.1,1.4,1.8,2.1,2.3,2.3,2.3,2.1,1.9,1.8,1.8,1.8,1.9,2.1,2.3,2.5,2.6,2.6,2.4,2.1,1.7
2022,11,November,4,1.3,1.1,0.9,0.9,1.1,1.4,1.8,2.2,2.5,2.5,2.4,2.2,1.9,1.7,1.5,1.5,1.6,1.8,2.1,2.5,2.7,2.8,2.6,2.2
2022,11,November,5,1.8,1.4,1.0,0.8,0.8,1.1,1.5,2.0,2.5,2.7,2.7,2.6,2.2,1.8,1.4,1.2,1.1,1.3,1.6,2.1,2.6,2.9,2.9,2.7
2022,11,November,6,2.3,1.7,1.3,1.0,0.8,0.9,1.2,1.7,2.3,2.8,2.9,2.9,2.5,2.0,1.5,1.1,0.9,0.9,1.1,1.5,2.2,2.7,3.0,3.0
2022,11,November,7,2.7,2.2,1.6,1.2,0.9,0.9,1.0,1.5,2.1,2.7,3.0,3.0,2.8,2.3,1.7,1.2,0.9,0.7,0.8,1.1,1.6,2.3,2.8,3.0
2022,11,November,8,2.9,2.6,2.0,1.5,1.1,0.9,1.0,1.3,1.8,2.6,3.0,3.2,3.0,2.6,2.0,1.4,0.9,0.6,0.6,0.8,1.2,1.9,2.5,2.9
2022,11,November,9,3.0,2.8,2.4,1.8,1.4,1.1,1.0,1.2,1.6,2.3,2.9,3.2,3.1,2.9,2.3,1.7,1.1,0.7,0.5,0.6,0.8,1.4,2.1,2.7
2022,11,November,10,2.9,2.9,2.6,2.2,1.7,1.3,1.1,1.2,1.4,2.0,2.7,3.2,3.2,3.0,2.6,2.0,1.4,0.9,0.6,0.5,0.7,1.0,1.7,2.3
2022,11,November,11,2.7,2.9,2.8,2.4,1.9,1.5,1.3,1.2,1.4,1.7,2.4,3.0,3.2,3.1,2.8,2.3,1.7,1.1,0.7,0.6,0.6,0.8,1.3,1.9
2022,11,November,12,2.4,2.7,2.8,2.6,2.2,1.8,1.5,1.3,1.4,1.6,2.1,2.7,3.1,3.2,3.0,2.6,2.0,1.4,0.9,0.7,0.6,0.7,1.0,1.5
2022,11,November,13,2.1,2.4,2.6,2.6,2.3,2.0,1.6,1.4,1.4,1.6,1.9,2.4,2.9,3.1,3.1,2.8,2.3,1.7,1.2,0.9,0.7,0.7,0.9,1.3
2022,11,November,14,1.7,2.1,2.4,2.5,2.4,2.1,1.8,1.6,1.5,1.6,1.8,2.2,2.6,3.0,3.0,2.9,2.5,2.1,1.6,1.2,1.0,0.9,0.9,1.1
2022,11,November,15,1.5,1.8,2.1,2.3,2.3,2.2,1.9,1.7,1.6,1.6,1.7,2.0,2.4,2.7,2.9,2.9,2.7,2.3,1.9,1.5,1.3,1.1,1.0,1.1
2022,11,November,16,1.3,1.5,1.8,2.0,2.1,2.1,2.0,1.9,1.7,1.7,1.7,1.9,2.1,2.4,2.6,2.7,2.6,2.5,2.2,1.9,1.6,1.4,1.2,1.2
2022,11,November,17,1.2,1.3,1.5,1.7,1.9,2.1,2.1,2.0,1.9,1.9,1.8,1.8,1.9,2.1,2.3,2.4,2.5,2.4,2.3,2.1,1.9,1.7,1.5,1.4
2022,11,November,18,1.2,1.2,1.3,1.5,1.7,1.9,2.1,2.2,2.2,2.1,2.0,1.9,1.8,1.9,1.9,2.0,2.2,2.3,2.3,2.3,2.2,2.1,1.8,1.6
2022,11,November,19,1.4,1.3,1.2,1.3,1.5,1.8,2.1,2.3,2.4,2.4,2.2,2.0,1.8,1.7,1.6,1.7,1.8,1.9,2.1,2.3,2.4,2.4,2.2,1.9
2022,11,November,20,1.6,1.4,1.2,1.2,1.3,1.5,1.9,2.3,2.6,2.7,2.5,2.3,2.0,1.7,1.5,1.4,1.4,1.5,1.8,2.1,2.4,2.5,2.5,2.3
2022,11,November,21,1.9,1.6,1.3,1.2,1.2,1.3,1.7,2.2,2.7,2.9,2.8,2.6,2.2,1.8,1.4,1.1,1.1,1.1,1.4,1.8,2.3,2.6,2.7,2.6
2022,11,November,22,2.3,1.8,1.5,1.2,1.1,1.2,1.5,2.0,2.6,3.0,3.1,2.9,2.5,2.0,1.5,1.1,0.8,0.8,1.0,1.3,1.9,2.5,2.8,2.8
2022,11,November,23,2.6,2.2,1.8,1.4,1.2,1.2,1.3,1.7,2.3,2.9,3.3,3.2,2.9,2.3,1.7,1.1,0.8,0.6,0.7,0.9,1.4,2.1,2.6,2.9
2022,11,November,24,2.9,2.6,2.1,1.7,1.4,1.2,1.3,1.5,2.0,2.7,3.2,3.4,3.2,2.7,2.1,1.4,0.9,0.5,0.4,0.6,0.9,1.5,2.2,2.7
2022,11,November,25,2.9,2.9,2.6,2.1,1.6,1.4,1.3,1.4,1.7,2.3,3.0,3.4,3.4,3.1,2.5,1.8,1.1,0.7,0.4,0.4,0.6,1.0,1.7,2.4
2022,11,November,26,2.7,2.9,2.8,2.5,2.0,1.6,1.4,1.4,1.6,2.0,2.6,3.2,3.5,3.3,2.9,2.3,1.6,1.0,0.6,0.4,0.4,0.6,1.1,1.8
2022,11,November,27,2.4,2.7,2.8,2.7,2.3,1.9,1.6,1.4,1.5,1.7,2.2,2.8,3.3,3.4,3.2,2.8,2.1,1.5,0.9,0.6,0.4,0.5,0.7,1.2
2022,11,November,28,1.9,2.3,2.6,2.7,2.6,2.2,1.8,1.6,1.5,1.6,1.9,2.4,2.9,3.3,3.4,3.1,2.6,2.0,1.4,0.9,0.7,0.5,0.6,0.9
2022,11,November,29,1.3,1.9,2.3,2.5,2.6,2.4,2.1,1.8,1.6,1.6,1.7,2.0,2.4,2.9,3.2,3.2,3.0,2.5,2.0,1.4,1.0,0.8,0.7,0.7
2022,11,November,30,1.0,1.4,1.9,2.2,2.4,2.5,2.3,2.1,1.8,1.7,1.7,1.8,2.0,2.4,2.7,3.0,3.0,2.8,2.5,2,1.5,1.2,1.0,0.8
2022,12,December,1,0.9,1.1,1.4,1.8,2.2,2.4,2.5,2.4,2.1,1.9,1.8,1.7,1.7,1.9,2.2,2.5,2.7,2.8,2.7,2.4,2.1,1.7,1.4,1.1
2022,12,December,2,1.0,1.0,1.1,1.4,1.8,2.2,2.4,2.5,2.5,2.2,2.0,1.8,1.6,1.6,1.7,1.9,2.1,2.4,2.6,2.6,2.5,2.2,1.9,1.5
2022,12,December,3,1.2,1.1,1.0,1.2,1.5,1.9,2.3,2.6,2.7,2.6,2.3,2.0,1.7,1.5,1.4,1.4,1.5,1.8,2.2,2.5,2.6,2.5,2.3,2.0
2022,12,December,4,1.6,1.3,1.1,1.1,1.3,1.6,2.1,2.5,2.8,2.8,2.7,2.4,2.0,1.6,1.3,1.1,1.1,1.3,1.6,2.1,2.4,2.6,2.6,2.4
2022,12,December,5,2.0,1.6,1.3,1.2,1.2,1.4,1.8,2.3,2.8,3.0,2.9,2.7,2.3,1.8,1.3,1.0,0.9,0.9,1.1,1.6,2.1,2.5,2.7,2.6
2022,12,December,6,2.4,2.0,1.6,1.3,1.2,1.3,1.6,2.0,2.6,3.0,3.1,2.9,2.6,2.1,1.5,1.1,0.8,0.7,0.8,1.1,1.6,2.2,2.6,2.7
2022,12,December,7,2.6,2.3,1.9,1.5,1.3,1.3,1.4,1.8,2.3,2.9,3.1,3.1,2.8,2.4,1.8,1.2,0.8,0.6,0.6,0.8,1.2,1.8,2.3,2.7
2022,12,December,8,2.7,2.6,2.2,1.8,1.5,1.3,1.4,1.6,2.1,2.6,3.1,3.2,3.0,2.7,2.1,1.5,1.0,0.7,0.6,0.7,0.9,1.4,2.0,2.5
2022,12,December,9,2.7,2.7,2.5,2.1,1.7,1.4,1.4,1.5,1.8,2.3,2.9,3.2,3.2,2.9,2.4,1.8,1.2,0.8,0.6,0.6,0.8,1.1,1.7,2.2
2022,12,December,10,2.6,2.7,2.6,2.3,1.9,1.6,1.4,1.4,1.7,2.1,2.6,3.1,3.2,3.1,2.7,2.1,1.6,1.1,0.7,0.6,0.7,0.9,1.4,1.9
2022,12,December,11,2.4,2.6,2.7,2.5,2.1,1.7,1.5,1.4,1.5,1.9,2.3,2.9,3.2,3.2,2.9,2.5,1.9,1.3,0.9,0.7,0.6,0.8,1.1,1.6
2022,12,December,12,2.1,2.5,2.6,2.6,2.3,1.9,1.6,1.5,1.5,1.7,2.1,2.6,3.0,3.2,3.1,2.7,2.2,1.7,1.2,0.9,0.7,0.7,0.9,1.3
2022,12,December,13,1.8,2.2,2.5,2.5,2.4,2.1,1.8,1.5,1.5,1.6,1.9,2.3,2.8,3.1,3.1,2.9,2.5,2.0,1.5,1.1,0.9,0.8,0.9,1.1
2022,12,December,14,1.6,2.0,2.3,2.5,2.4,2.2,1.9,1.7,1.5,1.6,1.7,2.1,2.5,2.9,3.0,3.0,2.7,2.3,1.8,1.4,1.1,0.9,0.9,1.0
2022,12,December,15,1.3,1.7,2.1,2.3,2.4,2.3,2.1,1.8,1.7,1.6,1.6,1.9,2.2,2.5,2.8,2.9,2.8,2.5,2.1,1.7,1.3,1.1,1.0,1.0
2022,12,December,16,1.2,1.5,1.9,2.2,2.3,2.4,2.3,2.1,1.8,1.7,1.6,1.7,1.9,2.2,2.4,2.6,2.6,2.5,2.3,1.9,1.6,1.4,1.2,1.1
2022,12,December,17,1.2,1.4,1.6,1.9,2.2,2.4,2.4,2.3,2.1,1.9,1.7,1.7,1.7,1.8,2.0,2.2,2.3,2.4,2.3,2.2,1.9,1.7,1.5,1.3
2022,12,December,18,1.3,1.3,1.5,1.7,2.0,2.3,2.5,2.5,2.4,2.2,1.9,1.7,1.6,1.6,1.6,1.7,1.9,2.1,2.2,2.3,2.2,2.0,1.8,1.6
2022,12,December,19,1.4,1.3,1.4,1.5,1.8,2.1,2.4,2.7,2.7,2.5,2.3,1.9,1.6,1.4,1.3,1.3,1.4,1.7,1.9,2.2,2.3,2.3,2.1,1.9
2022,12,December,20,1.6,1.5,1.4,1.4,1.6,1.9,2.3,2.7,2.9,2.9,2.6,2.3,1.8,1.4,1.2,1.0,1.0,1.2,1.5,1.9,2.2,2.4,2.4,2.3
2022,12,December,21,2.0,1.7,1.5,1.4,1.5,1.6,2.0,2.5,2.9,3.1,3.0,2.7,2.2,1.6,1.2,0.9,0.8,0.8,1.0,1.4,1.9,2.3,2.5,2.6
2022,12,December,22,2.4,2.1,1.7,1.5,1.4,1.5,1.7,2.1,2.7,3.1,3.2,3.0,2.6,2.0,1.4,1.0,0.7,0.6,0.6,0.9,1.4,2.0,2.4,2.7
2022,12,December,23,2.7,2.5,2.1,1.7,1.5,1.5,1.6,1.8,2.3,2.9,3.3,3.3,3.0,2.5,1.9,1.2,0.7,0.5,0.4,0.6,0.9,1.5,2.1,2.6
2022,12,December,24,2.8,2.8,2.5,2.1,1.7,1.5,1.5,1.6,2.0,2.5,3.1,3.5,3.4,3.0,2.4,1.7,1.1,0.6,0.4,0.4,0.5,0.9,1.6,2.2
2022,12,December,25,2.6,2.8,2.8,2.4,2.0,1.6,1.5,1.5,1.7,2.1,2.7,3.3,3.5,3.4,2.9,2.3,1.6,1.0,0.5,0.3,0.3,0.6,1.0,1.7
2022,12,December,26,2.3,2.7,2.8,2.7,2.3,1.9,1.6,1.4,1.5,1.8,2.2,2.9,3.4,3.5,3.3,2.9,2.2,1.5,0.9,0.5,0.4,0.4,0.6,1.2
2022,12,December,27,1.9,2.4,2.7,2.8,2.6,2.2,1.8,1.5,1.4,1.5,1.8,2.3,3.0,3.4,3.5,3.2,2.7,2.1,1.4,0.9,0.6,0.4,0.5,0.8
2022,12,December,28,1.4,2.0,2.5,2.7,2.7,2.5,2.1,1.7,1.5,1.4,1.6,1.9,2.4,2.9,3.3,3.3,3.1,2.6,1.9,1.4,0.9,0.7,0.6,0.7
2022,12,December,29,1.0,1.6,2.2,2.5,2.7,2.7,2.4,2.0,1.7,1.5,1.4,1.6,1.9,2.3,2.8,3.1,3.1,2.8,2.4,1.9,1.4,1.0,0.8,0.8
2022,12,December,30,0.9,1.3,1.8,2.3,2.6,2.7,2.6,2.3,1.9,1.6,1.5,1.4,1.5,1.8,2.2,2.5,2.8,2.8,2.6,2.2,1.8,1.4,1.2,1.0
2022,12,December,31,1.0,1.1,1.5,1.9,2.3,2.6,2.7,2.6,2.3,2.0,1.7,1.5,1.4,1.4,1.6,1.9,2.2,2.0,2.5,2.4,2.2,1.9,1.6,1.3
