Year ,Month,Day,0h,1h,2h,3h,4h,5h,6h,7h,8h,9h,10h,11h,12h,13h,14h,15h,16h,17h,18h,19h,20h,21h,22h,23h
2022,Jan,1,2.3,1.9,1.6,1.5,1.5,1.6,1.9,2.3,2.8,3.2,3.2,2.9,2.4,1.8,1.3,0.8,0.6,0.6,0.7,1,1.5,2.1,2.5,2.7
2022,Jan,2,2.6,2.4,2,1.6,1.5,1.5,1.6,2,2.5,3,3.3,3.2,2.9,2.4,1.7,1.1,0.7,0.4,0.4,0.6,1,1.6,2.2,2.6
2022,Jan,3,2.8,2.7,2.4,1.9,1.6,1.4,1.5,17,2.1,2.6,3.2,3.4,3.3,2.9,2.3,1.6,1,0.6,0.3,0.3,0.5,10,17,2.3
2022,Jan,4,2.7,2.8,2.7,2.3,1.9,1.5,14,1.5,17,2.2,2.8,3.3,3.5,3.3,2.9,2.2,1.5,0.9,0.5,0.3,0.3,0.6,1,19
2022,Jan,5,2.4,2.7,2.8,2.6,2.2,1.8,1.5,1.4,1.5,1.8,2.3,3,3.4,3.5,3.2,2.8,2.1,1.4,0.8,0.5,0.3,0.4,0.7,1.3
2022,Jan,6,2,2.5,2.8,2.8,2.5,2.1,1.7,1.4,1.4,1.5,1.8,2.4,3.1,3.4,3.4,31,2.6,1.9,1.3,0.8,0.5,0.4,0.5,0.9
2022,Jan,7,1.6,2.2,2.6,2.8,2.7,2.4,1.9,1.6,14,1.4,1.5,1.9,2.5,3.1,3.3,3.3,2.9,2.4,1.7,1.2,0.8,0.6,0.6,0.7
2022,Jan,8,1.2,1.9,2.4,2.6,2.7,2.6,2.2,1.8,1.5,1.4,1.4,1.6,2,2.5,3,3.1,3,2.7,2.1,1.6,1.2,0.9,0.7,0.8
2022,Jan,9,1,1.5,2.1,2.4,2.6,2.6,2.4,2.1,1.7,1.5,1.4,1.4,1.6,2,2.4,2.7,2.8,2.7,2.4,2,1.5,1.2,1,1
2022,Jan,10,1,1.3,1.8,2.2,2.5,2.6,2.6,2.3,2,1.7,1.5,1.4,14,16,19,2.2,2.4,2.5,2.4,2.2,1.9,1.6,13,1.2
2022,Jan,11,1.2,1.3,1.6,1.9,23,25,26,25,23,20,1.7,1.5,1.4,1.4,1.5,1.7,1.9,2.1,2.2,2.2,2,1.9,1.7,1.5
2022,Jan,12,1.4,1.4,1.5,1.8,2.1,2.3,2.5,2.6,2.5,2.3,2,1.7,1.5,1.3,1.3,1.3,1.4,1.6,1.8,2,2.1,2,1.9,1.8
2022,Jan,13,1.7,1.6,1.6,1.7,1.9,2.1,2.4,2.6,2.6,2.5,2.3,2,1.7,1.4,1.2,1.1,1.1,1.2,1.4,1.7,1.9,2.1,2.1,2.1
2022,Jan,14,1.9,1.7,1.6,1.6,17,19,2.2,2.5,2.7,2.7,2.6,2.3,2,1.6,1.2,1,0.9,0.9,1,14,17,2,2.2,2.3
2022,Jan,15,2.1,1.9,1.7,1.6,1.6,17,1.9,2.3,2.6,2.8,2.8,2.6,2.3,1.8,14,10,0.8,0.8,0.8,1,14,19,2.2,2.4
2022,Jan,16,2.4,2.2,1.9,1.7,1.6,1.6,1.7,2,2.4,2.8,2.9,2.9,2.6,2.2,1.7,1.2,0.9,0.7,0.7,0.8,12,16,2.1,2.4
2022,Jan,17,2.5,2.4,2.1,1.8,1.6,1.5,1.5,1.8,2.2,2.6,2.9,3,2.9,2.5,2,1.5,1,0.7,0.6,0.7,0.9,1.4,1.9,2.3
2022,Jan,18,2.6,2.6,2.3,2,1.6,1.4,14,1.6,1.9,2.3,28,3.1,3.1,2.8,2.4,1.8,1.2,0.8,0.6,0.6,0.7,1,1.7,2.2
2022,Jan,19,2.5,2.6,2.5,2.2,1.8,1.5,1.4,1.4,1.6,2.1,2.6,3,3.2,3.1,2.7,2.1,1.5,1,0.7,0.6,0.6,0.9,14,2
2022,Jan,20,2.4,2.7,2.7,2.4,20,1.6,1.4,1.3,1.5,1.8,2.3,2.9,3.2,3.2,2.9,2.5,1.9,1.3,0.8,0.6,0.5,0.7,1,1.7
2022,Jan,21,2.3,2.6,2.7,2.6,2.2,1.8,1.4,1.3,1.3,1.5,2,2.5,3.1,3.3,3.1,2.8,2.2,1.6,1,0.7,0.6,0.6,0.9,1.4
2022,Jan,22,2.1,2.5,2.7,2.7,2.5,2,1.6,1.3,1.2,1.3,1.7,2.2,2.7,3.1,3.2,3,2.5,1.9,1.3,0.9,0.6,0.6,0.8,1.2
2022,Jan,23,1.8,2.3,2.7,2.7,26,23,18,14,1.2,1.2,1.4,1.8,2.3,2.8,3.1,3,2.7,2.2,1.6,1.1,0.8,0.7,0.7,1
2022,Jan,24,1.5,2.1,2.5,2.8,2.7,2.5,2.1,1.6,1.3,1.2,1.2,1.5,1.8,2.3,2.8,2.9,2.8,2.5,2,1.4,1,0.8,0.8,1
2022,Jan,25,1.3,1.8,2.3,2.7,28,2.7,2.4,1.9,1.5,1.3,1.2,1.2,1.4,1.8,2.2,2.5,2.6,2.5,2.2,1.8,1.4,1.1,1,1
2022,Jan,26,1.2,1.6,2,2.4,27,28,26,23,1.9,1.5,1.3,1.1,1.2,1.4,1.7,2,2.2,2.3,2.3,2.1,1.8,1.5,1.3,1.2
2022,Jan,27,1.3,15,1.8,2.1,2.4,2.7,2.8,2.6,2.3,1.9,1.6,1.3,1,1.1,12,1.4,1.7,1.9,2.1,2.1,2,1.9,1.7,1.5
2022,Jan,28,1.4,15,1.6,1.8,2.1,2.4,2.7,2.8,2.7,2.4,2,1.6,1.3,1.1,1,1,1.1,1.3,1.6,1.9,2.1,2.1,2.1,2
2022,Jan,29,1.8,1.6,1.6,1.7,1.8,2.1,2.4,2.7,2.8,2.8,2.5,2.1,1.7,1.3,1,0.8,0.7,0.9,1,14,18,2.1,2.3,2.3
2022,Jan,30,2.1,1.9,1.7,1.6,1.6,1.8,2,24,2.8,3,2.9,2.7,2.2,1.7,1.2,0.8,0.6,0.5,0.7,0.9,1.4,19,2.3,2.5
2022,Jan,31,2.5,2.3,1.9,1.7,1.5,1.5,17,2,2.4,2.9,3.2,3.1,2.8,2.3,1.7,1.1,0.7,0.5,0.4,0.5,0.9,15,21,2.5
2022,Feb,1,2.7,2.6,2.3,1.8,1.5,1.4,1.4,1.6,2.0,2.6,3.1,3.3,3.2,2.8,2.2,1.6,1.0,0.6,0.4,0.3,0.5,1.0,1.7,2.3
2022,Feb,2,2.6,2.7,2.6,2.2,1.7,1.4,1.3,1.3,1.6,2.1,2.7,3.3,3.4,3.2,2.8,2.1,1.4,0.8,0.5,0.3,0.3,0.6,1.2,2.0
2022,Feb,3,2.5,2.8,2.8,2.5,2.0,1.5,1.2,1.2,1.3,1.6,2.2,2.9,3.4,3.4,3.2,2.7,1.9,1.2,0.7,0.4,0.3,0.4,0.9,1.6
2022,Feb,4,2.3,2.7,2.8,2.7,2.3,1.8,1.3,1.1,1.1,1.3,1.7,2.4,3.1,3.4,3.3,3.0,2.4,1.7,1.1,0.7,0.4,0.4,0.6,1.2
2022,Feb,5,2.0,2.6,2.8,2.8,2.6,2.1,1.5,1.2,1.0,1.1,1.3,1.8,2.6,3.1,3.3,3.1,2.7,2.1,1.5,1.0,0.7,0.5,0.6,1.0
2022,Feb,6,1.7,2.3,2.7,2.8,2.7,2.3,1.8,1.4,1.1,1,1.1,1.4,2,2.6,3,3,2.8,2.4,1.8,1.3,0.9,0.7,0.7,0.9
2022,Feb,7,1.4,2.1,2.5,2.8,2.7,2.5,2.1,1.6,1.2,1,1,1.2,1.5,2.1,25,2.7,2.7,2.5,2.1,1.6,1.2,1,0.9,1
2022,Feb,8,1.3,1.8,2.3,2.6,2.7,2.6,2.3,1.9,1.5,1.2,1.1,1.1,1.3,1.6,2,2.3,2.4,2.3,2.1,1.8,1.5,1.3,1.2,1.2
2022,Feb,9,1.4,1.7,2.1,2.4,2.6,2.6,2.4,2.1,1.7,1.4,1.2,1.2,1.2,1.3,1.6,1.8,2,2,2,1.9,1.7,1.5,1.4,1.4
2022,Feb,10,1.5,1.7,2,2.2,2.4,2.5,2.5,2.3,2,1.7,1.5,1.3,1.2,1.2,1.3,1.4,1.6,1.7,1.8,1.8,1.8,1.7,1.7,1.6
2022,Feb,11,1.6,1.7,1.9,2,2.2,2.3,2.4,2.4,2.3,2.1,1.8,1.6,1.4,1.2,1.1,1.1,1.2,1.3,1.5,1.6,1.8,1.9,1.9,1.8
2022,Feb,12,1.8,1.7,1.8,1.9,2,2.1,2.3,2.4,2.4,2.4,2.2,2,1.7,1.4,1.1,1,1,1,1.2,1.4,1.6,1.9,2,2.1
2022,Feb,13,2,1.8,1.7,1.7,1.8,1.9,2,2.2,2.4,2.6,2.5,2.3,2,1.6,1.3,1,0.8,0.8,0.9,1.1,1.5,1.8,2.1,2.2
2022,Feb,14,2.2,2,1.8,1.6,1.6,1.6,1.8,2,2.3,2.6,2.8,2.7,2.4,2,1.5,1.1,0.8,0.7,0.7,0.9,1.2,1.7,2.1,2.4
2022,Feb,15,2.4,2.2,1.9,1.6,1.5,1.4,1.5,1.8,2.1,2.5,2.9,2.9,2.8,2.4,1.8,1.3,0.9,0.7,0.6,0.7,1,1.5,2,2.4
2022,Feb,16,2.5,2.5,2.2,1.8,1.5,1.3,1.3,1.5,1.8,2.3,2.8,3.1,3,2.7,2.2,1.6,1.1,0.7,0.5,0.6,0.8,1.3,1.9,2.4
2022,Feb,17,2.6,2.6,2.4,2,1.5,1.3,1.2,1.3,1.5,2,2.6,3.1,3.2,3,2.5,1.9,1.3,0.9,0.6,0.5,0.6,1,1.6,2.3
2022,Feb,18,2.6,2.7,2.6,2.2,1.7,1.3,1.1,1.1,13,1.7,2.3,2.9,3.2,3.1,2.8,2.3,1.6,1.1,0.7,0.5,0.5,0.8,1.3,2
2022,Feb,19,2.6,2.8,2.7,2.5,2,1.5,1.1,1,1.1,1.4,1.9,2.6,3.1,3.2,3,26,2,1.3,0.9,0.6,0.5,0.7,1.1,1.7
2022,Feb,20,2.4,2.8,2.8,2.7,2.3,1.7,1.2,1,0.9,1.1,1.5,2.1,2.8,3.1,3.1,2.8,2.3,1.7,1.1,0.7,0.6,0.6,0.9,1.5
2022,Feb,21,2.2,2.7,2.9,2.8,2.5,2,1.4,1,0.8,9,1.1,1.6,2.3,2.8,3,2.9,2.6,2,1.4,1,0.7,0.7,0.9,1.3
2022,Feb,22,1.9,2.5,2.9,2.9,2.7,2.3,1.7,1.2,0.9,0.8,0.9,1.2,1.7,2.3,2.7,2.8,2.7,2.3,1.8,1.3,1,0.8,0.9,1.2
2022,Feb,23,1.6,2.2,2.7,2.9,2.9,2.6,2.1,1.5,1.1,0.8,0.8,0.9,1.2,1.7,2.2,2.5,2.5,2.4,2,1.6,1.3,1.1,1,1.2
2022,Feb,24,1.5,2,2.4,2.8,2.9,2.7,2.4,1.9,1.5,1.1,0.9,0.8,1,1.2,1.6,1.9,2.1,2.2,2.1,1.9,1.6,1.4,1.3,1.3
2022,Feb,25,1.5,1.8,2.1,2.4,2.7,2.7,2.6,2.3,1.9,1.5,1.2,1,0.9,1,1.1,1.3,1.6,1.8,1.9,1.9,1.9,1.8,1.6,1.6
2022,Feb,26,1.6,1.7,1.9,2.1,2.3,2.5,2.6,2.6,2.4,2.1,1.7,1.4,1.1,0.9,0.9,0.9,1.1,1.3,1.5,1.7,1.9,2,2,1.9
2022,Feb,27,1.8,1.7,1.7,1.8,1.9,2.1,2.3,2.5,2.6,2.5,2.3,2,1.6,1.2,0.9,0.7,0.7,0.8,1,1.3,1.7,2,2.2,2.2
2022,Feb,28,2.1,1.9,1.7,1.6,1.6,1.7,1.9,2.3,2.6,2.8,2.8,25,2.1,1.6,1.2,0.8,0.6,0.5,0.6,0.9,1.4,1.9,2.3,2.5
2022,Mar,1,2.4,2.2,1.8,1.6,1.4,1.4,1.6,1.8,2.3,2.8,3,3,2.7,2.2,1.6,1.1,0.7,0.4,0.4,0.6,1,1.6,2.2,2.5
2022,Mar,2,2.6,2.5,2.1,1.7,1.4,1.2,1.2,1.4,1.8,2.5,3,3.2,3.1,2.7,2.1,1.5,0.9,0.5,0.4,0.4,0.6,1.2,2,2.5
2022,Mar,3,2.7,2.7,2.4,1.9,1.4,1.1,1,1.1,1.4,2,2.7,3.2,3.3,3.1,2.6,1.9,1.3,0.8,0.4,0.3,0.5,0.9,1.7,2.3
2022,Mar,4,2.7,2.8,2.7,2.2,1.6,1.2,0.9,0.9,1.1,1.5,2.2,2.9,3.3,3.3,3,2.4,1.7,1.1,0.6,0.4,0.4,0.7,1.3,2.1
2022,Mar,5,2.7,2.8,28,25,1.9,1.4,1,0.8,0.8,1.1,1.6,2.4,3.1,3.3,3.1,2.7,2.1,1.4,0.9,0.6,0.5,0.6,1,1.8
2022,Mar,6,2.5,2.8,2.9,2.7,2.2,1.6,1.1,0.8,0.7,0.8,1.2,1.9,2.6,3,3.1,2.9,2.4,1.8,1.2,0.8,0.6,0.6,0.9,1.5
2022,Mar,7,2.3,2.8,2.9,2.8,2.4,1.9,1.3,0.9,0.7,0.7,0.9,1.4,2.1,2.7,2.9,2.9,2.6,2.1,1.5,1.1,0.8,0.8,0.9,1.4
2022,Mar,8,2.0,2.6,2.9,2.8,26,2.1,1.6,1.1,0.8,0.7,0.8,1.1,1.6,2.2,2.5,2.6,2.5,2.2,1.7,1.3,1.1,1,1.1,1.3
2022,Mar,9,1.8,24,2.7,2.8,2.7,2.3,1.8,1.3,1,0.8,0.8,0.9,1.3,1.7,2.1,2.3,2.3,2.2,1.8,1.5,1.3,1.2,1.2,1.4
2022,Mar,10,1.7,2.2,2.5,2.7,2.6,2.4,2,1.6,1.3,1,0.9,0.9,1.1,1.4,1.7,1.9,2,2,1.8,1.6,1.5,1.4,1.4,1.5
2022,Mar,11,1.7,2,2.3,2.5,2.6,2.4,2.2,1.9,1.6,1.3,1.2,1.1,1.1,1.2,1.4,1.5,1.6,1.7,1.7,1.7,1.6,1.6,1.6,1.6
2022,Mar,12,1.7,1.9,2.1,2.3,2.4,2.4,2.3,2.1,1.9,1.7,1.5,1.3,1.2,1.1,1.2,1.2,1.3,1.4,1.5,1.6,1.7,1.7,1.8,1.8
2022,Mar,13,1.8,1.8,1.9,2,2.1,2.2,2.2,2.2,2.2,2.1,1.9,1.7,1.4,1.2,1.1,1,1,1.1,1.3,1.5,1.7,1.9,2,2
2022,Mar,14,1.9,1.8,1.7,1.8,1.8,1.9,2,2.2,2.3,2.4,2.3,2.1,1.8,1.4,1.1,0.9,0.8,0.9,1,1.3,1.6,1.9,2.1,2.2
2022,Mar,15,2.1,1.9,1.7,1.6,15,16,1.8,20,23,26,26,25,2.2,1.7,1.3,1,0.7,0.7,0.8,1.1,1.5,1.9,2.3,2.4
2022,Mar,16,2.3,2.1,1.7,1.5,1.4,1.3,1.5,1.8,2.2,2.6,2.8,2.8,2.5,2.1,1.6,1.1,0.8,0.6,0.6,0.8,1.3,1.9,2.3,2.5
2022,Mar,17,2.5,2.3,1.9,1.5,1.2,1.1,1.2,1.4,1.9,2.4,2.8,3,2.8,2.5,1.9,1.3,0.9,0.6,0.5,0.6,1,1.6,2.3,2.6
2022,Mar,18,2.7,2.6,2.2,1.7,1.2,1,1,1.1,1.5,2.1,2.7,3.1,3,2.8,2.3,1.6,1.1,0.7,0.5,0.5,0.8,1.4,2.1,2.7
2022,Mar,19,2.8,2.7,2.4,1.9,1.4,1,0.8,0.9,1.1,1.6,2.3,3,3.1,3,2.6,2,1.4,0.9,0.6,0.5,0.7,1.1,1.8,2.6
2022,Mar,20,2.9,2.9,2.7,2.2,1.6,1.1,0.8,0.7,0.8,1.2,1.8,2.6,3.1,3.1,2.9,2.4,1.7,1.2,0.8,0.6,0.6,0.9,1.5,2.3
2022,Mar,21,2.9,3,2.9,2.5,1.9,1.3,0.8,0.6,0.6,0.8,1.3,2.1,2.7,3,3,2.7,2.1,1.5,1,0.8,0.7,0.8,1.3,1.9
2022,Mar,22,2.7,3.1,3,2.7,2.2,1.6,1,0.6,0.5,0.6,0.9,1.5,2.2,2.7,2.9,2.8,2.4,1.9,1.3,1,0.8,0.9,1.2,1.7
2022,Mar,23,2.4,2.9,3.1,2.9,2.5,1.9,1.3,0.8,0.5,0.5,0.6,1,1.6,2.2,2.6,2.7,2.5,2.2,1.7,1.3,1,1,1.1,1.5
2022,Mar,24,2.1,2.6,3,3,2.8,2.3,1.7,1.2,0.8,0.6,0.5,0.7,1.1,1.6,2.1,2.3,2.4,2.2,1.9,1.6,1.3,1.2,1.2,1.4
2022,Mar,25,1.8,2.3,2.7,2.9,2.9,2.6,2.2,1.6,1.2,0.9,0.7,0.7,0.8,1.1,1.5,1.8,2,2.1,2,1.8,1.6,1.5,1.4,1.5
2022,Mar,26,1.7,2,2.3,2.6,2.7,2.7,2.5,2.1,1.7,1.4,1.1,0.9,0.8,0.9,1,1.3,1.5,1.7,1.8,1.9,1.9,1.8,1.7,1.6
2022,Mar,27,1.7,1.8,1.9,2.1,2.3,25,25,24,22,2,1.6,1.3,1.1,0.9,0.8,0.8,1,1.2,1.5,1.7,2,2.1,2,1.9
2022,Mar,28,1.8,17,1.7,1.7,19,21,23,25,25,2.5,2.2,1.9,1.5,1.1,0.9,0.7,0.7,0.8,1.1,1.4,1.9,2.2,2.3,2.2
2022,Mar,29,2.1,1.8,1.6,1.5,1.5,1.6,1.8,2.2,2.5,2.7,2.7,2.5,2.1,1.6,1.1,0.7,0.5,0.5,0.7,1.1,1.6,2.1,2.4,2.5
2022,Mar,30,2.4,2,1.7,1.4,1.2,1.2,1.4,1.7,2.3,2.7,2.9,2.9,2.6,2.1,1.5,1,0.6,0.5,0.5,0.8,1.3,2,2.4,2.6
2022,Mar,31,2.6,2.3,1.9,1.4,1.1,1,1,1.3,1.8,2.5,2.9,3.1,2.9,2.5,1.9,1.3,0.8,0.5,0.4,0.6,1,1.7,2.4,2.7
2022,Apr,1,2.8,2.6,2.2,1.6,1.1,0.9,0.8,0.9,1.3,2,2.7,3.1,3.1,2.9,2.3,1.7,1.1,0.7,0.5,0.5,0.8,1.4,2.2,2.7
2022,Apr,2,2.9,2.8,2.4,1.9,1.3,0.9,0.7,0.7,0.9,1.5,2.2,2.9,3.1,3,2.7,2.1,1.4,0.9,0.6,0.6,0.7,1.2,2,2.6
2022,Apr,3,2.9,2.9,2.7,2.1,1.5,1,0.7,0.6,0.7,1,1.7,2.5,2.9,3,2.9,2.4,1.8,1.2,0.9,0.7,0.7,1,1.7,24
2022,Apr,4,2.9,3,2.8,2.4,1.8,1.2,0.7,0.5,0.5,0.7,1.2,2,2.6,2.9,2.9,2.6,2.1,1.5,1.1,0.8,0.8,1,1.4,2.2
2022,Apr,5,2.8,3,2.9,2.6,2,1.4,0.9,0.6,0.5,0.6,0.9,1.5,2.2,2.6,2.7,2.6,2.3,1.8,1.3,1,0.9,1,1.3,1.9
2022,Apr,6,2.6,2.9,2.9,2.7,2.3,1.7,1.1,0.7,0.5,0.5,0.7,1.2,1.7,2.2,2.5,2.5,2.3,1.9,1.5,1.2,1.1,1.1,1.3,1.7
2022,Apr,7,2.3,2.8,2.9,2.8,2.5,2,1.4,1,0.7,0.6,0.7,0.9,1.4,1.8,2.1,2.3,2.2,2,1.7,1.4,1.2,1.2,1.4,1.6
2022,Apr,8,2.1,2.6,2.8,2.8,2.6,2.2,1.7,1.3,1,0.8,0.8,0.9,1.1,1.5,1.8,1.9,2,1.9,1.7,1.5,1.4,1.4,1.4,1.6
2022,Apr,9,1.9,2.3,2.6,2.7,2.6,2.3,2,1.6,1.3,1.1,1,0.9,1,1.2,1.5,1.6,1.7,1.8,1.7,1.6,1.5,1.5,1.5,1.6
2022,Apr,10,1.8,2.1,2.3,24,25,24,22,19,1.7,15,13,12,11,11,12,13,14,15,16,17,17,17,17,17
2022,Apr,11,1.7,1.9,2,2.1,2.2,2.2,2.2,2.2,2,1.9,1.7,1.5,1.2,1.1,1,1.1,1.1,1.3,1.5,1.7,1.8,1.9,1.9,1.9
2022,Apr,12,1.8,17,18,18,19,20,21,22,23,22,21,18,15,12,10,9,9,10,13,16,19,21,22,21
2022,Apr,13,1.9,1.7,1.6,1.5,1.5,1.7,1.9,2.1,2.4,2.5,2.4,2.2,1.9,1.4,1.1,0.9,0.7,0.8,1,1.4,1.9,2.3,2.4,2.4
2022,Apr,14,2.2,1.8,1.5,1.3,1.3,1.3,1.5,1.9,2.3,2.6,2.7,2.6,2.2,1.7,1.3,0.9,0.7,0.7,0.8,1.2,1.8,2.3,2.6,2.6
2022,Apr,15,2.4,2.1,1.6,1.3,1.1,1,1.2,1.5,2,2.5,2.8,2.8,2.6,2.1,1.6,1.1,0.8,0.6,0.7,1,1.5,2.2,2.7,2.8
2022,Apr,16,2.7,2.4,1.8,1.3,1,0.8,0.8,1.1,1.5,2.2,2.8,3,2.9,2.5,1.9,1.3,0.9,0.7,0.6,0.8,1.2,2,2.7,3
2022,Apr,17,2.9,2.7,2.1,1.5,1,0.7,0.6,0.7,1.1,1.7,2.4,2.9,3,2.8,2.4,1.7,1.2,0.8,0.7,0.7,1,1.6,2.4,3
2022,Apr,18,3.1,2.9,2.5,1.8,12,7,5,5,7,11,19,26,30,29,27,22,16,11,8,8,9,13,20,28
2022,Apr,19,3.2,3.1,2.8,2.2,1.5,0.9,0.5,0.3,0.4,0.7,1.3,2.1,2.7,2.9,2.8,2.5,2,1.4,1.1,0.9,0.9,1.2,1.7,2.5
2022,Apr,20,3.1,3.2,3,2.6,1.9,1.2,0.7,0.4,0.3,0.4,0.8,1.4,2.1,2.6,2.7,2.7,2.3,1.8,1.4,1.1,1,1.2,1.5,2.1
2022,Apr,21,2.8,3.2,3.2,2.9,2.4,1.7,1.1,0.6,0.4,0.3,0.5,0.9,1.5,2.1,2.4,2.5,2.4,2.1,1.7,1.3,1.2,1.2,1.4,1.8
2022,Apr,22,2.4,2.9,3.1,3,2.7,22,1.6,1,0.6,5,0.4,0.6,1,15,19,22,23,22,19,1.6,1.4,13,14,1.6
2022,Apr,23,2,2.5,2.8,3,2.9,2.6,2.1,1.6,1.1,0.8,0.6,0.6,0.7,1,1.4,1.7,1.9,2.1,2,1.9,1.7,1.5,1.5,1.6
2022,Apr,24,1.8,2.1,2.4,2.6,2.7,2.7,2.4,2.1,1.7,1.3,1,0.8,0.7,0.8,1,1.2,1.5,1.8,1.9,2,2,1.9,1.7,1.7
2022,Apr,25,1.7,1.8,1.9,2.1,23,25,25,25,22,19,1.6,1.3,1,0.8,0.7,0.8,1,1.3,1.7,20,21,2.2,2.1,1.9
2022,Apr,26,1.7,1.6,1.6,1.6,1.8,2,2.3,2.5,2.6,2.4,2.2,1.8,1.4,1,0.8,0.6,0.7,1,1.3,1.8,2.2,2.4,2.4,2.2
2022,Apr,27,1.9,1.7,1.4,1.3,13,15,18,22,26,27,26,23,19,14,10,7,6,7,10,15,21,24,26,2.5
2022,Apr,28,2.2,1.8,1.5,1.2,1,1.1,13,1.7,23,2.7,28,27,23,1.8,1.3,9,0.6,0.6,8,1.2,1.9,24,2.7,2.7
2022,Apr,29,2.5,2.1,1.6,1.2,0.9,0.8,0.9,1.2,1.8,2.4,2.8,2.9,2.7,2.2,1.6,1.1,0.8,0.6,0.7,1,1.6,2.3,2.8,2.9
2022,Apr,30,2.8,2.4,1.8,1.3,0.9,0.7,0.7,0.9,1.3,2,2.6,2.8,2.8,2.5,2,1.4,1,0.8,0.7,0.9,1.4,2.1,2.7,3
2022,May,1,2.9,2.6,2.1,1.5,1,0.7,5,0.6,0.9,1.6,2.3,2.7,2.8,2.7,2.3,1.8,1.3,0.9,0.8,0.9,1.2,1.8,2.5,3
2022,May,2,3,28,24,18,1.2,0.7,0.5,0.5,0.7,1.1,1.8,2.4,2.7,2.8,2.6,2.1,1.6,1.2,0.9,0.9,1.1,1.6,2.3,2.9
2022,May,3,3.1,29,2.6,2.1,1.4,0.9,0.6,0.4,0.5,0.8,1.4,2.1,2.5,2.7,2.6,2.3,1.8,1.4,1.1,1,1.1,1.4,2,2.6
2022,May,4,3,3,2.8,2.3,1.7,1.1,0.7,0.5,0.4,0.6,1.1,1.7,2.2,2.5,2.6,2.4,2.1,1.6,1.3,1.1,1.1,1.3,1.7,2.4
2022,May,5,2.9,3,2.9,2.6,2,1.4,0.9,0.6,0.5,0.5,0.8,1.3,1.8,2.2,2.4,2.4,2.2,1.8,1.4,1.2,1.2,1.3,1.6,2.1
2022,May,6,2.7,3,3,2.7,2.3,1.7,1.2,0.8,0.6,0.6,0.7,1,1.5,1.9,2.1,2.3,2.2,1.9,1.6,1.4,1.3,1.3,1.5,1.9
2022,May,7,2.4,2.8,2.9,2.8,2.5,2.1,1.5,1.1,0.9,0.7,0.7,0.9,1.2,1.6,1.9,2,2.1,2,1.7,1.5,1.4,1.4,1.5,1.7
2022,May,8,2.1,2.5,2.7,2.8,2.6,2.3,1.9,1.5,1.2,1,0.9,0.9,1,1.3,1.6,1.8,1.9,1.9,1.8,1.7,1.6,1.5,1.5,1.7
2022,May,9,1.9,2.2,2.5,2.6,2.6,2.4,2.2,1.8,1.5,1.3,1.1,1,1,1.1,1.3,1.5,1.7,1.8,1.9,1.9,1.8,1.7,1.6,1.7
2022,May,10,1.7,1.9,2.1,2.3,24,24,23,2.1,1.9,1.7,1.4,1.2,1,1,1,1.2,1.4,1.6,1.9,2,2,2,1.9,1.7
2022,May,11,1.7,1.7,1.8,1.9,2,2.2,2.3,2.3,2.2,2,1.8,1.5,1.2,1,0.9,1,1.1,1.4,1.7,2.1,2.2,2.3,2.2,2
2022,May,12,1.7,1.6,1.5,1.5,1.6,1.8,2,2.3,2.4,2.4,2.2,1.9,1.5,1.2,0.9,0.9,0.9,1.1,1.5,2,2.4,2.5,2.5,2.2
2022,May,13,1.9,1.6,1.3,1.2,1.2,1.4,1.7,2,2.4,2.6,2.5,2.3,1.9,1.4,1.1,0.9,0.8,0.9,1.3,1.8,2.4,2.7,2.8,2.6
2022,May,14,2.2,1.7,1.3,1,0.9,1,1.2,1.6,2.1,2.6,2.7,2.6,2.3,1.8,1.3,1,0.8,0.8,1.1,1.5,2.2,2.8,3,2.9
2022,May,15,2.6,2,1.5,1,0.7,0.7,0.8,1.1,1.7,2.3,2.7,2.8,2.6,2.2,1.7,1.2,0.9,0.8,0.9,1.3,1.8,2.6,3.1,3.1
2022,May,16,2.9,2.4,1.8,1.2,0.7,0.5,0.5,0.7,1.1,1.8,2.5,2.8,2.8,2.6,2.2,1.6,1.2,0.9,0.9,1.1,1.5,2.2,2.9,3.3
2022,May,17,3.2,2.8,2.2,1.5,0.9,0.5,0.3,0.3,0.6,1.2,1.9,2.5,2.8,2.8,2.6,2,1.5,1.2,1,1,13,1.8,25,3.2
2022,May,18,3.3,3.1,2.7,2,1.3,0.7,0.3,0.2,0.3,0.6,1.3,2,2.5,2.7,2.7,2.4,1.9,1.5,1.2,1.1,1.2,1.5,2.1,2.8
2022,May,19,3.3,3.3,3,2.5,1.8,1.1,0.6,0.3,0.2,0.3,0.7,1.4,2,2.4,2.6,2.6,2.3,1.8,1.4,1.2,1.2,1.4,1.8,2.4
2022,May,20,3,3.3,3.2,2.9,2.3,1.6,1,0.6,0.3,0.3,0.4,0.8,1.4,2,2.3,2.5,2.4,2.1,1.7,1.4,1.3,1.3,1.6,2
2022,May,21,2.5,3,3.2,3.1,2.8,2.2,1.6,1,0.6,0.4,0.4,0.6,0.9,1.4,1.9,2.2,2.3,2.3,2,1.7,1.5,1.4,1.5,1.7
2022,May,22,2.1,2.5,2.9,3,3,2.6,2.1,1.6,1.1,0.8,0.6,0.5,0.7,1,1.4,1.8,2.1,2.2,2.2,2,1.7,1.6,1.5,1.5
2022,May,23,1.7,2,2.4,2.7,28,2.8,2.5,2.1,1.7,1.3,1,0.7,0.7,0.7,1,1.3,1.7,2,2.2,2.2,2.1,1.8,1.7,1.6
2022,May,24,1.6,1.6,1.8,2.1,2.4,2.6,2.6,2.5,2.2,1.8,1.4,1.1,0.9,0.7,0.8,1,1.3,1.7,2.1,2.3,2.3,2.2,2,1.7
2022,May,25,1.6,1.5,1.4,1.6,1.8,2.1,2.4,2.5,2.5,2.3,2,1.6,1.2,0.9,0.8,0.8,1,1.4,1.8,2.2,2.5,2.5,2.3,2
2022,May,26,1.7,1.4,1.3,1.2,1.3,1.5,1.9,2.3,2.5,2.5,2.4,2,1.6,1.2,0.9,0.8,0.9,1.1,1.6,2.1,2.5,2.7,2.6,2.4
2022,May,27,2,1.6,1.2,1,0.9,1.1,1.4,1.8,2.3,2.5,2.6,2.4,2,1.6,1.2,0.9,0.8,1,1.3,1.8,2.4,2.7,2.8,2.7
2022,May,28,2.3,1.8,1.3,1,0.8,0.8,0.9,1.3,1.9,2.3,2.6,2.6,2.3,1.9,1.5,1.1,0.9,0.9,1.2,1.6,2.2,2.7,2.9,2.8
2022,May,29,2.6,2.1,1.5,1.1,0.8,0.6,0.7,0.9,1.4,2,24,2.6,2.5,2.2,1.8,1.4,1.1,1,1.1,1.4,1.9,2.5,2.9,3
2022,May,30,2.8,2.4,1.8,1.3,0.8,0.6,0.5,0.7,1,1.6,2.2,2.5,2.6,2.4,2.1,1.6,1.3,1.1,1.1,1.3,1.7,2.3,2.8,3
2022,May,31,2.9,2.6,2.1,1.5,1,0.6,0.5,0.5,0.8,1.3,1.8,2.3,2.5,2.6,2.3,1.9,1.5,1.2,1.1,1.2,1.5,2,2.6,3
2022,Jun,1,3.1,2.8,2.4,1.8,1.2,0.8,0.5,0.5,0.6,1,1.5,2,2.4,2.5,2.5,2.1,1.7,1.4,1.2,1.2,1.3,1.7,2.3,29
2022,Jun,2,3.1,3,2.7,2.1,1.5,1,0.7,0.5,0.5,0.7,1.2,1.7,2.2,2.4,2.5,2.3,1.9,1.6,1.3,1.2,1.3,1.6,2,26
2022,Jun,3,3,31,29,25,19,13,9,0.6,0.5,0.6,0.9,1.4,1.9,2.2,2.4,2.4,2.1,1.7,1.4,1.3,1.2,1.4,1.8,23
2022,Jun,4,2.8,3.1,3,2.7,22,1.6,1.1,0.8,0.6,0.6,0.7,1.1,1.6,2,2.2,2.3,2.2,1.9,1.6,1.4,1.3,1.3,1.6,21
2022,Jun,5,2.6,2.9,3,2.9,2.5,2,1.5,1,0.8,0.6,0.7,0.9,1.3,1.7,2,2.2,2.2,2.1,1.8,1.5,1.4,1.4,1.5,1.8
2022,Jun,6,2.2,2.6,2.9,2.9,27,2.3,1.8,1.3,1,0.8,0.7,0.8,1.1,1.4,1.8,2,2.2,2.1,2,1.7,1.5,1.4,1.4,1.6
2022,Jun,7,1.9,2.3,2.6,2.7,2.7,25,2.1,1.7,1.3,1,0.9,0.8,0.9,1.2,1.5,1.8,2,2.2,2.1,2,1.8,1.6,1.5,1.5
2022,Jun,8,1.7,1.9,2.2,2.4,25,2.5,2.3,2,1.7,1.3,1.1,0.9,0.9,1,1.2,1.5,1.8,2.1,2.3,2.2,2.1,1.9,1.6,1.5
2022,Jun,9,1.5,1.6,1.8,2,2.2,2.3,2.4,2.3,2,1.7,1.4,1.2,1,1,1,1.2,1.6,1.9,2.2,2.4,2.4,2.2,1.9,1.7
2022,Jun,10,1.5,1.4,1.4,1.5,1.7,2,2.2,2.3,2.3,2.1,1.8,1.5,1.2,1,1,1.1,1.3,1.7,2.1,2.5,2.6,2.6,2.3,1.9
2022,Jun,11,1.6,1.3,1.1,1.1,1.2,1.5,1.8,2.1,2.4,2.4,2.2,1.9,1.5,1.2,1,1,1.1,1.4,1.8,2.3,2.7,2.9,2.7,2.3
2022,Jun,12,1.9,1.4,1,0.8,0.8,1,1.3,1.7,2.2,2.4,2.5,2.3,2,1.6,1.2,1.1,1,1.2,1.5,2,2.6,3,3,2.7
2022,Jun,13,2.3,1.7,1.1,0.8,6,0.6,8,1.2,1.7,22,2.5,2.6,2.4,2,1.6,1.2,1.1,1.1,1.3,1.7,2.3,2.9,3.2,3.1
2022,Jun,14,2.7,2.2,1.5,0.9,5,0.4,0.4,0.7,1.1,1.8,2.3,2.6,2.7,2.5,2,1.6,1.2,1.1,1.2,1.4,1.9,2.6,3.2,3.3
2022,Jun,15,3.1,2.7,2,1.3,0.7,0.4,0.2,0.3,0.6,1.2,1.9,2.4,2.6,2.7,2.4,2,1.5,1.3,1.2,1.3,1.6,2.1,2.8,3.3
2022,Jun,16,3.4,3.1,2.6,1.9,1.2,0.6,0.3,0.2,0.3,0.6,1.2,1.9,2.4,2.6,2.6,2.4,1.9,1.5,1.3,1.2,1.4,1.7,2.3,3
2022,Jun,17,3.4,3.4,3,2.5,1.8,1.1,0.6,0.3,0.2,0.3,0.7,1.3,2,2.4,2.6,2.6,2.3,1.8,1.5,1.3,1.2,1.4,1.8,2.5
2022,Jun,18,3.1,3.4,3.3,3,2.4,1.7,1,0.6,0.3,0.2,0.4,0.8,1.4,2,2.4,2.6,2.5,2.1,1.7,1.4,1.3,1.3,1.5,2
2022,Jun,19,2.6,3.1,3.3,3.2,2.8,2.2,1.6,1,0.6,0.4,0.3,0.5,1,1.5,2.1,2.4,2.5,2.4,2,1.7,1.4,1.3,1.3,1.6
2022,Jun,20,2,2.6,3,3.2,3,2.7,2.1,1.5,1,0.7,0.5,0.5,0.7,1.1,1.7,2.1,2.4,2.4,2.3,2,1.6,1.4,1.3,1.4
2022,Jun,21,1.6,2,2.4,2.8,2.9,2.8,2.5,2,1.5,1.1,0.8,0.7,0.6,0.9,1.3,1.8,2.2,2.4,2.4,2.3,2,1.7,1.4,1.3
2022,Jun,22,1.4,1.5,1.8,2.2,25,26,2.6,2.3,2,1.6,1.2,1,0.8,0.8,1,1.4,1.9,2.2,2.4,2.5,2.3,2,1.7,1.5
2022,Jun,23,1.3,1.3,1.4,1.6,19,22,24,24,23,20,1.6,1.3,1.1,1,1,1.2,1.6,2,2.3,2.5,25,2.3,2,1.7
2022,Jun,24,1.4,1.2,1.1,1.2,1.3,1.6,1.9,2.2,2.3,2.2,2,1.7,1.4,1.2,1.1,1.1,1.3,1.7,2.1,2.4,2.6,2.6,2.4,2
2022,Jun,25,1.7,1.3,1.1,0.9,1,1.1,1.4,1.8,2.1,2.3,2.2,2,1.7,1.5,1.2,1.2,1.2,1.5,1.9,2.3,2.6,2.7,2.6,2.4
2022,Jun,26,2,1.5,1.1,0.9,0.8,0.8,1,1.4,1.8,2.1,2.3,2.3,2.1,1.7,1.4,1.3,1.2,1.3,1.6,2,2.5,2.8,2.8,2.6
2022,Jun,27,2.3,1.8,1.3,0.9,0.7,0.6,0.8,1,1.4,1.9,2.2,2.4,2.3,2,1.7,1.4,1.2,1.3,1.4,1.8,2.3,2.7,2.9,2.8
2022,Jun,28,2.6,2.1,1.6,1.1,8,6,6,8,11,16,21,24,24,23,1.9,1.6,1.3,1.2,1.3,1.6,2,2.5,2.9,3
2022,Jun,29,2.8,2.4,1.9,1.4,9,0.6,0.5,0.6,0.9,1.3,1.8,22,24,24,2.2,1.8,1.5,1.3,1.2,1.4,1.7,2.2,2.7,3
2022,Jun,30,3,2.7,2.3,1.7,1.1,0.8,0.5,0.5,0.7,1,1.5,2,2.4,2.5,2.4,2,1.6,1.3,1.2,1.2,1.5,1.9,2.5,2.9
2022,Jul,1,3.1,3,2.6,2,1.5,1,0.6,0.5,0.6,0.8,1.3,1.8,2.2,2.4,2.5,2.2,1.9,1.5,1.2,1.2,1.3,1.7,2.2,2.7
2022,Jul,2,3.1,3.1,29,24,18,12,8,6,5,6,1,15,20,23,25,24,21,17,14,12,1.2,15,1.9,24
2022,Jul,3,2.9,3.1,3,2.7,2.2,1.6,1,0.7,0.5,0.5,0.8,1.2,1.8,2.2,2.4,2.4,2.3,1.9,1.5,1.3,1.2,1.3,1.6,2.1
2022,Jul,4,26,30,31,29,25,19,13,9,7,6,7,10,15,20,23,24,24,21,17,14,12,12,14,18
2022,Jul,5,2.3,2.8,3,2.9,2.7,2.2,1.6,1.1,0.8,0.6,0.6,0.8,1.2,1.7,2.1,2.4,2.4,2.3,2,1.6,1.3,1.2,1.3,1.5
2022,Jul,6,1.9,2.4,2.7,2.8,2.7,2.4,2,1.5,1.1,0.8,0.7,0.8,1,1.4,1.9,2.3,2.4,2.4,2.2,1.9,1.6,1.3,1.2,1.3
2022,Jul,7,15,19,23,25,2.6,25,2.2,1.8,1.4,1.1,0.9,0.8,0.9,1.2,1.6,2,2.3,2.5,2.5,2.2,1.9,1.5,1.3,1.2
2022,Jul,8,1.3,1.5,1.7,2.1,2.3,2.4,2.3,2.1,1.8,1.4,1.1,1,1,1.1,1.4,1.7,2.1,2.4,2.6,2.5,2.3,1.9,1.6,1.3
2022,Jul,9,12,12,13,15,18,20,22,22,21,18,16,13,11,11,13,15,1.8,22,25,27,2.6,23,2,1.6
2022,Jul,10,1.2,1,1,1,1.2,1.5,1.8,2.1,2.2,2.2,2,1.7,1.4,1.3,1.2,1.3,1.5,1.9,2.3,2.6,2.8,2.7,2.4,2
2022,Jul,11,1.5,1.1,0.8,0.7,0.8,1,1.3,1.7,2.1,2.2,2.3,2.2,1.9,1.5,1.3,1.3,1.4,1.6,1.9,2.4,2.8,3,2.8,2.5
2022,Jul,12,20,1.4,1,0.7,0.5,0.6,0.8,1.2,1.7,2.1,24,2.4,2.3,2,1.6,1.4,1.3,1.4,1.6,2,2.5,3,3.1,3
2022,Jul,13,2.6,2,1.3,0.8,0.5,0.4,0.4,0.7,1.1,1.7,2.2,2.5,2.5,2.4,2,1.6,1.3,1.3,1.4,1.6,2.1,2.7,3.2,3.3
2022,Jul,14,30,26,19,12,7,4,0.2,3,0.6,1.1,18,2.3,2.6,2.6,24,1.9,1.5,1.3,1.2,1.4,1.7,2.2,2.9,3.3
2022,Jul,15,3.4,3.1,2.5,1.8,1.1,0.6,0.3,0.2,0.3,0.6,1.2,2,2.4,2.6,2.6,2.3,1.8,1.4,1.2,1.2,1.4,1.7,2.4,3.1
2022,Jul,16,3.4,3.4,3.1,2.5,1.7,1,0.6,0.3,0.2,0.3,0.7,1.4,2.1,2.5,2.7,2.6,2.2,1.7,1.3,1.1,1.1,1.4,1.8,2.5
2022,Jul,17,3.2,3.4,3.3,3,2.3,1.6,1,0.5,0.3,0.2,0.4,1,1.7,2.3,2.6,2.7,2.5,2,1.6,1.2,1.1,1.1,1.4,1.9
2022,Jul,18,2.6,3.2,3.4,3.2,2.8,2.2,1.5,0.9,0.5,0.3,0.3,0.6,1.3,2,2.4,2.6,2.6,2.3,1.9,1.4,1.1,1,1.1,1.4
2022,Jul,19,2,2.6,3.1,3.2,3,26,1.9,1.3,0.9,0.6,0.5,0.6,1,1.6,2.2,2.5,2.6,2.5,2.2,1.7,1.3,1.1,1,1.2
2022,Jul,20,1.5,2,2.5,2.8,2.9,2.7,2.3,1.8,1.3,0.9,0.7,0.7,0.9,1.3,1.9,2.3,25,2.6,2.4,2.1,1.6,1.3,1.1,1.1
2022,Jul,21,1.2,1.5,1.9,2.3,2.5,2.5,2.4,2.1,1.7,1.3,1.1,0.9,1,1.2,1.6,2,2.4,2.5,2.5,2.3,2,1.6,1.3,1.2
2022,Jul,22,1.1,1.2,1.4,1.7,2,22,2.2,2.1,1.9,1.6,1.4,1.2,1.2,1.2,1.4,1.8,2.1,2.4,2.5,2.5,2.3,2,1.6,1.4
2022,Jul,23,12,11,11,12,15,17,19,20,20,19,17,15,14,14,14,16,19,21,24,25,25,23,20,1.7
2022,Jul,24,1.4,1.1,1,1,1.1,1.3,1.5,1.7,1.9,2,2,1.8,1.7,1.5,1.5,1.5,1.7,1.9,2.2,2.4,2.5,2.5,2.3,2
2022,Jul,25,1.7,1.3,1,0.9,0.8,0.9,1.1,1.4,1.7,2,2.1,2.1,1.9,1.7,1.5,1.5,1.5,1.7,1.9,2.2,2.5,2.6,2.6,2.4
2022,Jul,26,2,1.6,1.2,0.9,0.7,0.7,0.8,1.1,1.4,1.8,2.1,2.2,2.1,1.9,1.7,1.5,1.4,1.5,1.7,2,2.3,2.6,2.8,2.7
2022,Jul,27,2.4,1.9,1.4,1,0.7,0.6,0.7,0.8,1.2,1.6,2,2.3,2.3,2.2,1.8,1.5,1.3,1.3,1.4,1.7,2.1,2.5,2.8,2.9
2022,Jul,28,2.7,2.3,1.8,1.3,0.9,0.6,0.6,0.7,0.9,1.4,1.9,2.3,2.4,2.4,2.1,1.7,1.4,1.2,1.2,1.5,1.8,2.3,2.8,3
2022,Jul,29,3,2.7,2.2,1.6,1.1,0.7,0.5,0.5,0.7,1.1,1.7,2.2,2.5,2.5,2.3,1.9,1.5,1.2,1.1,1.2,1.5,2,2.5,3
2022,Jul,30,3.1,29,2.5,20,1.3,0.9,0.6,0.5,0.6,0.9,1.4,2,2.4,2.6,2.5,2.2,1.7,1.3,1.1,1.1,1.3,1.7,2.2,2.8
2022,Jul,31,3.1,3.1,2.8,2.3,1.7,1.1,0.7,0.5,0.5,0.7,1.1,1.8,2.3,2.6,2.6,2.4,2,1.5,1.2,1.1,1.1,1.4,1.9,2.5
2022,Aug,1,3,3.2,3,2.6,2,1.4,0.9,0.6,0.5,0.6,0.9,1.5,2.1,2.5,2.6,2.5,2.2,1.7,1.3,1.1,1,1.2,1.6,2.1
2022,Aug,2,2.7,3.1,3.1,2.8,2.3,1.7,1.1,0.8,0.6,0.5,0.8,1.2,1.9,2.4,2.6,2.6,2.4,2,1.5,1.2,1,1,1.3,1.7
2022,Aug,3,2.3,2.8,3,2.9,2.6,2,1.4,1,0.7,0.6,0.7,1,1.6,2.2,2.6,2.7,2.6,2.3,1.8,1.3,1,0.9,1.1,11
2022,Aug,4,1.9,2.4,2.8,2.8,2.7,2.3,1.7,1.2,0.9,0.7,0.7,1,1.4,1.9,2.4,2.7,2.7,2.5,2.1,1.6,1.2,1,0.9,11
2022,Aug,5,1.4,1.9,2.3,2.6,2.6,2.4,2,1.6,1.2,0.9,0.9,1,1.2,1.7,2.2,2.5,2.7,2.6,2.4,1.9,1.5,1.2,1,9
2022,Aug,6,1.1,1.4,1.8,2.1,2.3,2.4,2.2,1.9,1.5,1.3,1.1,1.1,1.2,1.5,1.9,2.2,2.5,2.7,2.6,2.3,1.9,1.5,1.2,1
2022,Aug,7,0.9,1,1.2,1.5,1.8,2,2.1,2,1.9,1.7,1.5,1.3,1.3,1.4,1.6,1.9,2.2,2.5,2.6,2.6,2.4,2,1.6,13
2022,Aug,8,1,0.9,0.9,1,1.2,1.5,1.8,1.9,2,2,1.9,1.7,1.5,1.5,1.5,1.7,1.9,2.2,25,2.6,2.7,2.5,2.2,1.8
2022,Aug,9,1.3,1,0.8,0.7,0.8,1,1.3,1.6,1.9,2.1,2.2,2.1,1.9,1.7,1.5,1.5,1.6,1.8,2.1,2.5,2.7,2.8,2.7,2.3
2022,Aug,10,1.9,1.4,0.9,0.6,0.5,0.6,0.8,1.1,1.6,2,2.3,2.4,2.3,2,1.7,1.5,1.4,1.5,1.7,2.1,25,29,3,29
2022,Aug,11,2.5,1.9,1.3,0.8,0.5,0.4,0.4,0.7,1.1,1.7,2.2,2.5,2.5,2.3,2,1.6,1.3,1.3,1.4,1.7,2.1,2.7,3.1,3.2
2022,Aug,12,3,2.5,1.9,1.2,0.7,0.4,0.3,0.3,0.6,1.2,1.9,2.4,2.6,2.6,2.3,1.8,1.4,1.2,1.1,1:03,1.6,2.2,2.9,3.3
2022,Aug,13,3.3,3.1,2.5,1.8,1.1,0.6,0.3,0.2,0.3,0.8,1.5,22,2.6,2.7,2.6,2.2,1.7,1.2,1,10,12,17,24,31
2022,Aug,14,3.5,3.4,3,2.4,1.6,1,0.5,0.3,0.2,0.5,1,1.9,2.5,2.7,2.8,2.5,2,1.4,1.1,0.9,0.9,1.2,1.8,2.6
2022,Aug,15,3.2,3.4,3.3,2.9,2.2,1.4,0.9,0.5,0.3,0.4,0.7,1.4,2.2,2.7,2.8,2.7,2.3,1.8,1.2,0.9,0.8,0.9,1.3,1.9
2022,Aug,16,2.7,3.2,3.3,3.1,2.6,1.9,1.3,0.8,0.5,0.4,0.6,1.1,1.9,2.5,2.8,2.8,2.6,2.1,1.5,1.1,0.8,0.8,0.9,1.4
2022,Aug,17,2.1,2.7,3.1,3.1,2.8,2.3,1.7,1.1,0.8,0.6,0.6,1,1.6,2.2,2.7,2.8,2.7,2.4,1.8,1.3,1,0.8,0.8,1
2022,Aug,18,1.5,2.1,2.6,2.8,2.7,2.5,2,1.5,1.1,0.9,0.8,1,1.4,2,2.5,2.7,2.7,2.5,2.1,1.6,1.2,0.9,0.8,0.9
2022,Aug,19,1.1,1.6,2.1,2.4,2.5,2.4,2.1,1.7,1.4,1.2,1.1,1.1,1.4,1.8,2.2,2.5,2.6,2.6,2.3,1.9,1.5,1.2,1,0.9
2022,Aug,20,1,1.2,1.6,1.9,2,2.1,2,1.8,1.6,1.4,1.3,1.3,1.4,1.7,2,2.3,2.5,2.5,2.4,2.2,1.9,1.5,1.3,1.1
2022,Aug,21,1,1.1,1.2,1.4,1.6,1.7,1.8,1.8,1.8,1.7,1.6,1.6,1.6,1.6,1.8,2,2.2,2.3,2.4,2.3,2.1,1.9,1.7,1.4
2022,Aug,22,1.2,1.1,1.1,1.1,1.2,1.4,1.5,1.7,1.8,1.8,1.8,1.8,1.7,1.7,1.7,1.8,2,2.1,2.2,2.3,2.3,2.3,2.1,1.8
2022,Aug,23,1.5,1.2,1,0.9,0.9,1,1.2,1.4,1.7,1.9,2,2,1.9,1.7,1.6,1.6,1.7,1.8,2,2.2,2.4,2.5,2.4,2.2
2022,Aug,24,1.9,1.5,1.1,0.9,0.8,0.8,0.9,1.2,1.5,1.9,2.1,2.2,2.1,1.9,1.6,1.5,15,16,18,20,23,26,27,2.6
2022,Aug,25,2.3,1.8,1.4,1,0.7,0.6,0.7,1,1.3,1.8,2.2,2.4,2.3,2.1,1.7,1.5,1.3,1.3,15,1.7,21,26,28,2.9
2022,Aug,26,2.7,2.2,1.7,1.2,0.8,0.6,0.6,0.8,1.1,1.6,2.1,2.4,2.5,2.3,1.9,1.5,1.3,1.2,1.2,1.5,1.9,2.4,2.8,3
2022,Aug,27,2.9,2.6,2.1,1.4,1,0.7,0.5,0.6,0.9,1.4,2,2.5,2.6,2.5,2.2,1.7,1.3,1.1,1.1,1.2,1.5,2.1,2.7,3.1
2022,Aug,28,3.1,2.9,2.4,1.8,1.2,0.8,0.6,0.5,0.7,1.2,1.8,24,2.7,2.7,2.4,2,1.5,1.1,1,1,13,17,24,29
2022,Aug,29,3.2,3,2.7,2.1,1.5,1,0.6,0.5,0.6,0.9,1.6,2.3,2.7,2.8,2.6,2.3,1.7,1.2,0.9,0.9,1,1.4,1.9,2.6
2022,Aug,30,3.1,3.1,2.9,2.5,1.8,1.2,0.8,0.6,0.6,0.8,1.3,2,2.6,2.8,2.8,2.5,2,1.4,1,0.8,0.8,1.1,1.5,2.2
2022,Aug,31,2.8,3.1,3,2.7,2.1,1.5,1,0.7,0.6,0.7,1.1,1.7,2.4,2.8,2.9,27,2.3,1.7,1.2,0.9,0.7,0.8,1.2,1.7
2022,Sep ,1,2.4,2.9,3,2.8,2.4,1.8,1.3,0.9,0.7,0.8,1,1.5,2.2,2.7,2.9,2.8,2.5,2,1.4,1,0.7,0.7,0.9,1.3
2022,Sep ,2,1.9,2.5,2.8,2.8,2.6,2.1,1.6,1.1,0.9,0.9,1,1.4,1.9,2.5,2.9,2.9,2.7,2.3,1.7,1.2,0.9,0.7,0.7,1
2022,Sep ,3,1.4,1.9,2.4,2.5,2.5,2.3,1.9,1.5,1.2,1,1.1,1.3,1.7,2.2,2.6,2.8,2.8,2.6,2.1,1.6,1.2,0.9,0.7,0.8
2022,Sep ,4,1,1.4,1.8,2.1,2.3,2.2,2.1,1.8,1.5,1.3,1.3,1.3,1.6,1.9,2.3,2.6,2.7,2.7,2.4,2.1,1.6,1.3,1,0.9
2022,Sep ,5,0.9,1,1.3,1.5,1.8,2,2,1.9,1.8,1.7,1.5,1.5,1.6,1.7,2,2.2,2.4,2.6,2.6,2.4,2.1,1.8,1.5,1.2
2022,Sep ,6,1,0.9,0.9,1,1.2,1.5,1.7,1.9,2,2,1.9,1.8,1.7,1.7,1.7,1.9,2,2.3,2.5,2.6,2.5,2.4,2.1,1.7
2022,Sep ,7,1.3,1,0.8,0.7,0.8,1,1.2,1.6,1.9,2.2,2.2,2.2,2,1.8,1.6,1.6,1.7,1.8,2.1,2.4,2.7,2.8,2.6,2.3
2022,Sep ,8,1.9,1.4,1,0.7,0.5,0.6,0.8,1.2,1.7,2.1,2.4,25,2.3,2,1.7,1.5,1.4,1.4,1.7,2,2.5,2.9,3,2.9
2022,Sep ,9,2.5,1.9,1.3,0.9,0.5,0.4,0.5,0.8,1.3,1.9,2.4,2.6,2.6,2.3,1.9,1.5,1.2,1.2,1.3,1.6,2.1,2.7,3.2,3.2
2022,Sep ,10,3,2.5,1.9,1.2,0.7,0.4,0.3,0.5,0.9,1.6,2.3,2.6,2.8,2.6,2.2,1.6,1.2,1,1,1.2,1.6,2.2,3,3.3
2022,Sep ,11,33,3,24,1.7,1,0.6,0.4,0.4,0.6,1.2,2,2.6,2.8,2.8,2.5,2,1.4,1,0.8,0.9,1.1,1.7,2.5,3.2
2022,Sep ,12,3.4,3.3,2.9,2.2,1.5,0.9,0.5,0.4,0.5,0.9,1.7,2.5,2.8,2.9,2.7,2.3,1.7,1.1,0.8,0.7,0.8,1.2,1.9,2.7
2022,Sep ,13,3.2,3.3,3.1,2.6,1.9,1.3,0.8,0.5,0.5,0.7,1.3,2.2,2.8,3,2.9,2.6,2,1.4,0.9,0.6,0.6,0.8,1.3,2.1
2022,Sep ,14,2.8,3.2,3.1,2.9,2.3,1.6,1.1,0.8,0.6,0.7,1.1,1.8,2.6,2.9,2.9,2.7,2.3,1.7,1.1,0.7,0.6,0.6,0.9,1.5
2022,Sep ,15,2.3,2.8,3,2.9,2.5,2,1.4,1.1,0.9,0.9,1.1,1.6,2.3,2.8,3,2.8,2.5,2,1.4,0.9,0.7,0.6,0.8,1.1
2022,Sep ,16,1.7,23,26,27,2.6,2.2,1.7,1.3,1.1,1,1.1,1.5,2,2.6,29,2.8,2.6,2.2,1.7,1.2,0.9,0.7,0.7,0.9
2022,Sep ,17,1.3,1.8,2.2,2.4,2.4,2.2,1.9,1.5,1.3,1.2,1.3,1.5,1.9,2.3,2.7,2.8,2.7,2.4,2,1.5,1.2,1,0.9,0.9
2022,Sep ,18,1.1,1.4,1.8,2,2.1,2.1,1.9,1.7,1.5,1.4,1.5,1.6,1.8,2.1,24,2.6,2.6,2.4,2.2,1.8,1.5,1.3,1.1,1
2022,Sep ,19,1.1,1.2,1.4,1.6,1.7,1.8,1.8,1.7,1.7,1.6,1.6,1.7,1.8,2,2.2,2.3,2.4,2.4,2.3,2.1,1.9,1.7,1.5,1.3
2022,Sep ,20,12,11,12,13,14,15,1.6,1.7,1.8,1.8,1.8,1.8,1.8,1.8,1.9,2,2.1,2.2,2.2,2.2,2.2,2.1,1.9,1.7
2022,Sep ,21,1.4,1.2,1.1,1,1.1,1.2,1.4,1.6,1.8,2,2,2,1.9,1.8,1.8,1.8,1.8,1.9,2.1,2.2,2.4,2.4,2.3,2.1
2022,Sep ,22,1.8,1.4,1.1,0.9,0.9,0.9,1.1,1.4,1.8,2.1,2.2,2.2,2.1,1.8,1.6,1.6,1.5,1.6,1.8,2.1,2.4,2.6,2.6,2.5
2022,Sep ,23,2.2,1.7,1.3,1,0.8,0.7,0.9,1.2,1.7,2.1,2.4,2.4,2.3,2,1.6,1.4,1.3,1.3,1.5,1.8,2.2,2.7,2.9,2.8
2022,Sep ,24,2.5,2.1,1.5,1.1,0.8,0.7,0.7,1,1.5,2.1,2.5,2.6,2.5,2.2,1.8,1.4,1.2,1.1,1.2,1.5,2,2.5,2.9,3
2022,Sep ,25,2.8,2.4,1.8,1.3,0.9,0.7,0.6,0.9,1.3,2,2.5,28,2.7,2.5,2,1.5,1.1,1,1,1.2,1.6,2.2,2.8,3.1
2022,Sep ,26,3,2.7,2.2,1.5,1,0.8,0.6,0.7,1.1,1.7,2.4,2.9,2.9,2.7,2.3,1.7,1.2,0.9,0.8,0.9,1.3,1.8,2.5,3
2022,Sep ,27,3.1,3,2.5,1.9,1.3,0.9,0.7,0.7,0.9,1.4,2.2,2.8,3,2.9,2.6,2,1.4,0.9,0.7,0.7,0.9,1.4,2.1,2.8
2022,Sep ,28,3.1,3.1,2.8,2.3,1.6,1.1,0.8,0.7,0.9,1.2,1.9,2.7,3.1,3,2.8,2.3,1.7,1.1,0.7,0.6,0.7,1,1.6,2.3
2022,Sep ,29,2.9,3.1,2.9,2.6,2,1.4,1,0.9,0.9,1.1,1.6,2.3,3,3.1,3,2.6,2,1.3,0.9,0.6,0.5,0.7,1.1,1.8
2022,Sep ,30,2.5,2.9,2.9,2.7,2.3,1.7,1.3,1,1,1.1,1.5,2,2.7,3.1,3.1,2.8,2.3,1.7,1.1,0.7,0.5,0.6,0.8,1.3
2022,Oct,1,1.9,2.5,2.7,2.7,2.5,2,1.6,1.3,1.1,1.2,1.4,1.8,2.4,2.9,3.1,3,2.6,2.1,1.4,1,0.7,0.6,0.7,1
2022,Oct,2,1.4,1.9,2.3,2.5,2.4,2.2,1.9,1.5,1.3,1.3,1.4,1.7,2.1,2.6,2.9,3,2.8,2.4,1.9,1.4,1,0.8,0.7,0.8
2022,Oct,3,1,1.4,1.8,2.1,2.2,2.2,2,1.8,1.6,1.5,1.5,1.6,1.9,2.2,2.6,2.8,2.8,2.6,2.3,1.9,1.5,1.2,1,0.9
2022,Oct,4,0.9,1,1.3,1.5,1.8,1.9,2,2,1.9,1.8,1.7,1.7,1.8,1.9,2.2,2.4,2.5,2.6,2.5,2.4,2.1,1.8,1.5,12
2022,Oct,5,1,0.9,0.9,1.1,1.3,1.5,1.8,2,2.1,2.1,2,1.9,1.8,1.8,1.8,1.9,2.1,2.3,2.5,2.6,2.5,2.4,2.1,17
2022,Oct,6,1.4,1.1,0.8,0.8,0.8,1.1,1.4,1.8,2.1,2.3,2.4,2.2,2,1.8,1.6,1.6,1.6,1.8,2.1,2.4,2.7,2.8,2.7,23
2022,Oct,7,1.9,1.4,1,0.7,0.6,0.7,1,1.5,2,2.4,2.6,2.6,2.3,1.9,1.6,1.4,1.3,1.3,1.6,2,2.6,2.9,3,29
2022,Oct,8,2.4,1.9,1.3,0.9,0.6,0.5,0.7,1.1,1.8,2.4,27,2.8,2.6,2.2,1.7,1.3,1.1,1,1.2,1.5,2.1,2.8,3.1,3.2
2022,Oct,9,2.9,2.4,1.7,1.2,0.8,0.6,0.6,0.9,1.4,2.2,2.7,2.9,2.9,2.5,2,1.4,1,0.8,0.8,1.1,1.6,2.3,3,3.2
2022,Oct,10,3.2,2.8,2.2,1.5,1,0.7,0.6,0.7,1.2,1.9,2.6,3,3,2.8,2.3,1.7,1.1,0.8,0.6,0.8,1.1,1.8,2.6,3.1
2022,Oct,11,3.2,3.1,2.6,2,1.4,0.9,0.7,0.7,1,1.6,2.4,3,3.1,3,2.6,2,1.3,0.8,0.6,0.6,0.8,1.2,2,2.8
2022,Oct,12,3.1,3.1,2.9,2.3,1.7,1.2,0.9,0.8,0.9,1.4,2.1,2.8,3.1,3.1,2.8,2.3,1.6,1,0.7,0.5,0.6,0.9,1.5,2.3
2022,Oct,13,2.8,3,3,2.6,2.1,1.5,1.2,1,1,1.2,1.8,2.5,3,3.1,2.9,2.5,1.9,1.3,0.8,0.6,0.5,0.7,1.1,1.8
2022,Oct,14,2.4,2.8,2.9,2.7,23,1.8,1.4,1.2,1.1,1.2,1.6,2.2,2.8,3.1,3,2.7,2.2,1.6,1.1,0.7,0.6,0.6,0.9,1.4
2022,Oct,15,2,2.4,2.6,2.6,2.4,2,1.6,1.4,1.3,1.3,1.5,2,2.6,3,3,2.8,2.4,1.9,1.4,1,0.7,0.7,0.8,1.1
2022,Oct,16,1.6,2,2.3,2.4,2.4,2.1,1.8,1.5,1.4,1.4,1.6,1.9,2.3,2.7,2.9,2.8,2.6,2.2,1.7,1.3,1,0.9,0.9,1
2022,Oct,17,1.3,1.7,1.9,2.1,2.2,2.1,1.9,1.7,1.6,1.5,1.6,1.8,2.1,2.5,2.7,2.7,2.6,2.4,2,1.6,1.4,1.2,1.1,1.1
2022,Oct,18,1.2,1.4,1.6,1.8,1.9,19,19,1.8,1.7,1.7,1.7,1.8,20,22,24,25,25,24,22,20,1.7,1.6,1.4,1.3
2022,Oct,19,1.2,1.2,1.3,1.5,1.6,1.7,1.8,1.9,1.9,1.9,1.9,1.8,1.9,2,2.1,2.2,2.3,2.3,2.3,2.2,2.1,1.9,1.8,1.6
2022,Oct,20,1.3,1.2,1.2,1.2,1.3,1.5,1.7,1.9,2,2.1,2.1,2,1.9,1.8,1.9,1.9,2,2.1,2.2,2.3,2.3,2.3,2.2,1.9
2022,Oct,21,1.6,13,11,10,11,12,15,19,21,23,23,22,20,18,17,16,16,18,20,22,25,26,25,23
2022,Oct,22,1.9,1.5,1.2,1,0.9,1,1.3,1.7,2.2,2.5,2.6,2.5,2.2,1.8,1.6,1.4,1.3,1.4,1.6,2,2.4,2.7,2.7,2.6
2022,Oct,23,2.3,1.8,1.4,1.1,0.9,0.9,1.1,1.6,2.1,2.6,2.8,2.7,2.5,2,1.6,1.3,1.1,1.1,1.3,1.6,2.2,2.6,2.9,2.9
2022,Oct,24,2.6,2.1,1.6,1.2,0.9,0.8,1,1.3,1.9,2.6,2.9,2.9,2.7,2.3,1.7,1.3,1,0.8,0.9,1.3,1.8,2.4,2.9,3
2022,Oct,25,2.9,2.5,1.9,1.4,1.1,0.9,0.9,1.2,1.7,2.4,3,3.1,3,2.6,2,1.4,0.9,0.7,0.7,0.9,1.3,2,2.7,3
2022,Oct,26,3,2.8,2.3,1.7,1.3,1,0.9,1.1,1.4,2.1,2.9,3.2,3.2,2.9,2.3,1.7,1.1,0.7,0.5,0.6,0.9,1.5,2.2,2.8
2022,Oct,27,3,3,2.7,2.1,1.6,1.2,1,1.1,1.3,1.8,2.5,3.2,3.3,3.1,27,20,13,8,5,4,6,10,17,2.4
2022,Oct,28,2.9,3,2.9,2.5,1.9,1.5,1.2,1.1,1.2,1.6,2.2,2.9,3.3,3.3,3,2.4,1.7,1.1,0.6,0.4,0.4,0.7,1.2,1.8
2022,Oct,29,2.5,2.8,2.8,2.7,2.3,1.8,1.5,1.3,1.3,1.5,1.9,2.5,3.1,3.3,3.2,2.8,2.2,1.5,0.9,0.6,0.5,0.5,0.8,1.3
2022,Oct,30,19,24,26,27,25,21,17,15,14,15,17,22,28,32,32,3,26,20,1.4,9,0.7,0.6,0.7,0.9
2022,Oct,31,1.4,1.9,2.2,2.4,25,2.3,20,1.7,1.5,1.5,1.7,2,2.4,2.8,3.1,3.1,2.8,2.4,1.9,1.4,1,0.8,0.7,0.8
2022,Nov,1,1,1.4,1.8,2.1,2.2,2.3,2.2,2,1.8,1.7,1.7,1.8,2.1,2.4,2.7,2.9,2.9,2.7,2.4,2,1.6,1.2,1,0.9
2022,Nov,2,0.9,1,1.3,1.6,1.9,2.1,2.2,2.2,2.1,1.9,1.8,1.8,1.9,2,2.2,2.4,2.6,2.7,2.6,2.4,2.1,1.8,1.5,1.2
2022,Nov,3,1,0.9,1,1.1,1.4,1.8,2.1,2.3,2.3,2.3,2.1,1.9,1.8,1.8,1.8,1.9,2.1,2.3,2.5,2.6,2.6,2.4,2.1,1.7
2022,Nov,4,1.3,1.1,0.9,0.9,1.1,1.4,1.8,2.2,2.5,2.5,2.4,2.2,1.9,1.7,1.5,1.5,1.6,1.8,2.1,2.5,2.7,2.8,2.6,2.2
2022,Nov,5,1.8,1.4,1,0.8,0.8,1.1,1.5,2,2.5,2.7,2.7,2.6,2.2,1.8,1.4,1.2,1.1,1.3,1.6,2.1,2.6,2.9,2.9,2.7
2022,Nov,6,2.3,1.7,1.3,1,0.8,0.9,1.2,1.7,2.3,2.8,2.9,2.9,2.5,2,1.5,1.1,0.9,0.9,1.1,1.5,2.2,2.7,3,3
2022,Nov,7,2.7,2.2,1.6,1.2,0.9,0.9,1,1.5,2.1,2.7,3,3,2.8,2.3,1.7,1.2,0.9,0.7,0.8,1.1,1.6,2.3,2.8,3
2022,Nov,8,2.9,2.6,2,1.5,1.1,0.9,1,1.3,1.8,2.6,3,3.2,3,2.6,2,1.4,0.9,0.6,0.6,0.8,1.2,1.9,2.5,2.9
2022,Nov,9,3,2.8,2.4,1.8,1.4,1.1,1,1.2,1.6,2.3,2.9,3.2,3.1,2.9,2.3,1.7,1.1,0.7,0.5,0.6,0.8,1.4,2.1,2.7
2022,Nov,10,2.9,2.9,2.6,2.2,1.7,1.3,1.1,1.2,1.4,2,2.7,3.2,3.2,3,2.6,2,1.4,0.9,0.6,0.5,0.7,1,1.7,2.3
2022,Nov,11,2.7,2.9,2.8,2.4,1.9,1.5,1.3,1.2,1.4,1.7,2.4,3,3.2,3.1,2.8,2.3,1.7,1.1,0.7,0.6,0.6,0.8,1.3,1.9
2022,Nov,12,2.4,2.7,2.8,2.6,2.2,1.8,1.5,1.3,1.4,1.6,2.1,2.7,3.1,3.2,3,2.6,2,1.4,0.9,0.7,0.6,0.7,1,1.5
2022,Nov,13,2.1,2.4,2.6,2.6,2.3,2,1.6,1.4,1.4,1.6,1.9,2.4,2.9,3.1,3.1,2.8,2.3,1.7,1.2,0.9,0.7,0.7,0.9,1.3
2022,Nov,14,1.7,2.1,2.4,2.5,2.4,2.1,1.8,1.6,1.5,1.6,1.8,2.2,2.6,3,3,2.9,2.5,2.1,1.6,1.2,1,0.9,0.9,1.1
2022,Nov,15,1.5,1.8,2.1,2.3,2.3,2.2,1.9,1.7,1.6,1.6,1.7,2,2.4,2.7,2.9,2.9,2.7,2.3,1.9,1.5,1.3,1.1,1,1.1
2022,Nov,16,1.3,1.5,1.8,2,2.1,2.1,2,1.9,1.7,1.7,1.7,1.9,2.1,2.4,2.6,2.7,2.6,2.5,2.2,1.9,1.6,1.4,1.2,1.2
2022,Nov,17,1.2,1.3,1.5,1.7,1.9,2.1,2.1,2,1.9,1.9,1.8,1.8,1.9,2.1,2.3,2.4,2.5,2.4,2.3,2.1,1.9,1.7,1.5,1.4
2022,Nov,18,1.2,1.2,1.3,1.5,1.7,1.9,2.1,2.2,2.2,2.1,2,1.9,1.8,1.9,1.9,2,2.2,2.3,2.3,2.3,2.2,2.1,1.8,1.6
2022,Nov,19,1.4,1.3,1.2,1.3,1.5,1.8,2.1,2.3,2.4,2.4,2.2,2,1.8,1.7,1.6,1.7,1.8,1.9,2.1,2.3,2.4,2.4,2.2,1.9
2022,Nov,20,1.6,1.4,1.2,1.2,1.3,1.5,1.9,2.3,2.6,2.7,2.5,2.3,2,1.7,1.5,1.4,1.4,1.5,1.8,2.1,2.4,2.5,2.5,2.3
2022,Nov,21,1.9,1.6,1.3,1.2,1.2,1.3,1.7,2.2,2.7,2.9,2.8,2.6,2.2,1.8,1.4,1.1,1.1,1.1,1.4,1.8,2.3,2.6,2.7,2.6
2022,Nov,22,2.3,1.8,1.5,1.2,1.1,1.2,1.5,2,2.6,3,3.1,2.9,2.5,2,1.5,1.1,0.8,0.8,1,1.3,1.9,2.5,2.8,2.8
2022,Nov,23,2.6,2.2,1.8,1.4,1.2,1.2,1.3,1.7,2.3,2.9,3.3,3.2,2.9,2.3,1.7,1.1,0.8,0.6,0.7,0.9,1.4,2.1,2.6,2.9
2022,Nov,24,2.9,2.6,2.1,1.7,1.4,1.2,1.3,1.5,2,2.7,3.2,3.4,3.2,2.7,2.1,1.4,0.9,0.5,0.4,0.6,0.9,1.5,2.2,2.7
2022,Nov,25,2.9,2.9,2.6,2.1,1.6,1.4,1.3,1.4,1.7,2.3,3,3.4,3.4,3.1,2.5,1.8,1.1,0.7,0.4,0.4,0.6,1,1.7,2.4
2022,Nov,26,2.7,2.9,2.8,2.5,2,1.6,1.4,1.4,1.6,2,2.6,3.2,3.5,3.3,2.9,2.3,1.6,1,0.6,0.4,0.4,0.6,1.1,1.8
2022,Nov,27,2.4,2.7,2.8,2.7,2.3,1.9,1.6,1.4,1.5,1.7,2.2,2.8,3.3,3.4,3.2,2.8,2.1,1.5,0.9,0.6,0.4,0.5,0.7,1.2
2022,Nov,28,1.9,2.3,2.6,2.7,2.6,2.2,1.8,1.6,1.5,1.6,1.9,2.4,2.9,3.3,3.4,3.1,2.6,2,1.4,0.9,0.7,0.5,0.6,0.9
2022,Nov,29,1.3,1.9,2.3,2.5,2.6,2.4,2.1,1.8,1.6,1.6,1.7,2,2.4,2.9,3.2,3.2,3,2.5,2,1.4,1,0.8,0.7,0.7
2022,Nov,30,1,14,1.9,22,2.4,25,23,2.1,1.8,1.7,1.7,1.8,2,2.4,2.7,3,3,2.8,2.5,2,1.5,1.2,1,0.8
2022,Dec,1,0.9,1.1,1.4,1.8,2.2,2.4,2.5,2.4,21,1.9,1.8,1.7,1.7,1.9,2.2,2.5,2.7,2.8,2.7,2.4,2.1,1.7,1.4,1.1
2022,Dec,2,1,1,1.1,1.4,1.8,2.2,2.4,2.5,2.5,2.2,2,1.8,1.6,1.6,17,1.9,2.1,2.4,2.6,2.6,2.5,2.2,1.9,1.5
2022,Dec,3,1.2,1.1,1,1.2,1.5,1.9,2.3,2.6,2.7,2.6,2.3,2,1.7,1.5,1.4,1.4,1.5,1.8,2.2,2.5,2.6,2.5,2.3,2
2022,Dec,4,1.6,1.3,1.1,1.1,1.3,1.6,2.1,2.5,2.8,2.8,2.7,2.4,2,1.6,1.3,1.1,1.1,1.3,1.6,2.1,2.4,2.6,2.6,2.4
2022,Dec,5,2,1.6,1.3,1.2,1.2,1.4,1.8,2.3,2.8,3,2.9,2.7,2.3,1.8,1.3,1,0.9,0.9,1.1,1.6,2.1,2.5,2.7,2.6
2022,Dec,6,2.4,2,1.6,1.3,1.2,1.3,1.6,2,2.6,3,3.1,2.9,2.6,2.1,1.5,1.1,0.8,0.7,0.8,1.1,1.6,2.2,2.6,2.7
2022,Dec,7,2.6,2.3,1.9,1.5,1.3,1.3,1.4,1.8,2.3,2.9,3.1,3.1,2.8,2.4,1.8,1.2,0.8,0.6,0.6,0.8,1.2,1.8,2.3,2.7
2022,Dec,8,2.7,2.6,2.2,1.8,1.5,1.3,1.4,1.6,2.1,2.6,3.1,3.2,3,2.7,2.1,1.5,1,0.7,0.6,0.7,0.9,1.4,2,2.5
2022,Dec,9,2.7,2.7,2.5,2.1,1.7,1.4,1.4,1.5,1.8,2.3,2.9,3.2,3.2,2.9,2.4,1.8,1.2,0.8,0.6,0.6,0.8,1.1,1.7,2.2
2022,Dec,10,2.6,2.7,2.6,2.3,1.9,1.6,1.4,1.4,1.7,2.1,2.6,3.1,3.2,3.1,2.7,2.1,1.6,1.1,0.7,0.6,0.7,0.9,1.4,1.9
2022,Dec,11,24,26,27,25,21,17,15,14,15,19,23,29,32,32,29,25,19,13,9,7,6,8,11,16
2022,Dec,12,2.1,2.5,2.6,2.6,2.3,1.9,1.6,1.5,1.5,1.7,2.1,2.6,3,3.2,3.1,2.7,2.2,1.7,1.2,0.9,0.7,0.7,0.9,1.3
2022,Dec,13,1.8,2.2,2.5,2.5,2.4,2.1,1.8,1.5,1.5,1.6,1.9,2.3,2.8,3.1,3.1,2.9,2.5,2,1.5,1.1,0.9,0.8,0.9,1.1
2022,Dec,14,1.6,2,2.3,2.5,2.4,2.2,1.9,1.7,1.5,1.6,1.7,2.1,2.5,2.9,3,3,2.7,2.3,1.8,1.4,1.1,0.9,0.9,1
2022,Dec,15,1.3,1.7,2.1,2.3,2.4,2.3,2.1,1.8,1.7,1.6,1.6,1.9,2.2,2.5,2.8,2.9,2.8,2.5,2.1,1.7,1.3,1.1,1,1
2022,Dec,16,1.2,1.5,19,22,23,2.4,2.3,2.1,1.8,1.7,1.6,1.7,1.9,2.2,2.4,2.6,2.6,2.5,2.3,1.9,1.6,1.4,1.2,1.1
2022,Dec,17,1.2,1.4,1.6,1.9,2.2,2.4,2.4,2.3,2.1,1.9,1.7,1.7,1.7,1.8,2,2.2,2.3,2.4,2.3,2.2,1.9,1.7,1.5,1.3
2022,Dec,18,1.3,13,15,17,20,23,25,25,24,22,19,17,16,16,16,17,19,21,22,23,22,20,18,1.6
2022,Dec,19,1.4,1.3,1.4,1.5,1.8,2.1,2.4,2.7,2.7,2.5,2.3,1.9,1.6,1.4,1.3,1.3,1.4,1.7,1.9,2.2,2.3,2.3,2.1,1.9
2022,Dec,20,1.6,1.5,1.4,1.4,1.6,1.9,2.3,2.7,2.9,2.9,2.6,2.3,1.8,1.4,1.2,1,1,1.2,1.5,1.9,2.2,2.4,2.4,2.3
2022,Dec,21,2,1.7,1.5,1.4,1.5,1.6,2,25,29,3.1,3,2.7,2.2,1.6,1.2,0.9,0.8,0.8,1,1.4,1.9,2.3,2.5,26
2022,Dec,22,2.4,2.1,1.7,1.5,1.4,1.5,1.7,21,27,3.1,3.2,3,2.6,2,1.4,1,0.7,0.6,0.6,0.9,1.4,2,2.4,2.7
2022,Dec,23,2.7,2.5,2.1,1.7,1.5,1.5,1.6,1.8,2.3,2.9,3.3,3.3,3,2.5,1.9,1.2,0.7,0.5,0.4,0.6,0.9,1.5,2.1,2.6
2022,Dec,24,28,28,25,21,17,15,15,16,20,25,31,35,34,30,24,17,11,6,4,4,5,9,16,2.2
2022,Dec,25,26,28,28,24,20,1.6,1.5,1.5,1.7,2.1,27,3.3,35,3.4,29,23,1.6,1,0.5,0.3,0.3,0.6,1,1.7
2022,Dec,26,23,27,28,27,23,1.9,1.6,1.4,1.5,1.8,2.2,2.9,3.4,3.5,3.3,2.9,2.2,1.5,0.9,0.5,0.4,0.4,0.6,1.2
2022,Dec,27,1.9,2.4,27,28,2.6,2.2,1.8,1.5,1.4,1.5,1.8,2.3,3,3.4,3.5,3.2,2.7,2.1,1.4,0.9,0.6,0.4,0.5,0.8
2022,Dec,28,14,20,25,27,27,25,21,1.7,15,14,16,19,24,29,33,3.3,3.1,26,1.9,1.4,0.9,7,0.6,0.7
2022,Dec,29,1,1.6,22,25,27,27,24,20,1.7,1.5,1.4,1.6,1.9,23,28,3.1,3.1,2.8,2.4,1.9,1.4,1,0.8,0.8
2022,Dec,30,0.9,1.3,1.8,2.3,2.6,27,2.6,2.3,1.9,1.6,1.5,1.4,1.5,1.8,2.2,2.5,2.8,2.8,2.6,2.2,1.8,1.4,1.2,1
2022,Dec,31,10,11,15,19,23,26,27,26,23,20,17,15,14,14,16,19,22,24,25,24,22,19,1.6,1.3