year ,month_num,month,day,date,0h,1h,2h,3h,4h,5h,6h,7h,8h,9h,10h,11h,12h,13h,14h,15h,16h,17h,18h,19h,20h,21h,22h,23h
2022,1,January,1,01 January 2022,2.3,1.9,1.6,1.5,1.5,1.6,1.9,2.3,2.8,3.2,3.2,2.9,2.4,1.8,1.3,0.8,0.6,0.6,0.7,1,1.5,2.1,2.5,2.7
2022,1,January,2,02 January 2022,2.6,2.4,2,1.6,1.5,1.5,1.6,2,2.5,3,3.3,3.2,2.9,2.4,1.7,1.1,0.7,0.4,0.4,0.6,1,1.6,2.2,2.6
2022,1,January,3,03 January 2022,2.8,2.7,2.4,1.9,1.6,1.4,1.5,1.7,2.1,2.6,3.2,3.4,3.3,2.9,2.3,1.6,1,0.6,0.3,0.3,0.5,1,1.7,2.3
2022,1,January,4,04 January 2022,2.7,2.8,2.7,2.3,1.9,1.5,1.4,1.5,1.7,2.2,2.8,3.3,3.5,3.3,2.9,2.2,1.5,0.9,0.5,0.3,0.3,0.6,1,1.9
2022,1,January,5,05 January 2022,2.4,2.7,2.8,2.6,2.2,1.8,1.5,1.4,1.5,1.8,2.3,3,3.4,3.5,3.2,2.8,2.1,1.4,0.8,0.5,0.3,0.4,0.7,1.3
2022,1,January,6,06 January 2022,2,2.5,2.8,2.8,2.5,2.1,1.7,1.4,1.4,1.5,1.8,2.4,3.1,3.4,3.4,3.1,2.6,1.9,1.3,0.8,0.5,0.4,0.5,0.9
2022,1,January,7,07 January 2022,1.6,2.2,2.6,2.8,2.7,2.4,1.9,1.6,1.4,1.4,1.5,1.9,2.5,3.1,3.3,3.3,2.9,2.4,1.7,1.2,0.8,0.6,0.6,0.7
2022,1,January,8,08 January 2022,1.2,1.9,2.4,2.6,2.7,2.6,2.2,1.8,1.5,1.4,1.4,1.6,2,2.5,3,3.1,3,2.7,2.1,1.6,1.2,0.9,0.7,0.8
2022,1,January,9,09 January 2022,1,1.5,2.1,2.4,2.6,2.6,2.4,2.1,1.7,1.5,1.4,1.4,1.6,2,2.4,2.7,2.8,2.7,2.4,2,1.5,1.2,1,1
2022,1,January,10,10 January 2022,1,1.3,1.8,2.2,2.5,2.6,2.6,2.3,2,1.7,1.5,1.4,1.4,1.6,1.9,2.2,2.4,2.5,2.4,2.2,1.9,1.6,1.3,1.2
2022,1,January,11,11 January 2022,1.2,1.3,1.6,1.9,2.3,2.5,2.6,2.5,2.3,2,1.7,1.5,1.4,1.4,1.5,1.7,1.9,2.1,2.2,2.2,2,1.9,1.7,1.5
2022,1,January,12,12 January 2022,1.4,1.4,1.5,1.8,2.1,2.3,2.5,2.6,2.5,2.3,2,1.7,1.5,1.3,1.3,1.3,1.4,1.6,1.8,2,2.1,2,1.9,1.8
2022,1,January,13,13 January 2022,1.7,1.6,1.6,1.7,1.9,2.1,2.4,2.6,2.6,2.5,2.3,2,1.7,1.4,1.2,1.1,1.1,1.2,1.4,1.7,1.9,2.1,2.1,2.1
2022,1,January,14,14 January 2022,1.9,1.7,1.6,1.6,1.7,1.9,2.2,2.5,2.7,2.7,2.6,2.3,2,1.6,1.2,1,0.9,0.9,1,1.4,1.7,2,2.2,2.3
2022,1,January,15,15 January 2022,2.1,1.9,1.7,1.6,1.6,1.7,1.9,2.3,2.6,2.8,2.8,2.6,2.3,1.8,1.4,1,0.8,0.8,0.8,1,1.4,1.9,2.2,2.4
2022,1,January,16,16 January 2022,2.4,2.2,1.9,1.7,1.6,1.6,1.7,2,2.4,2.8,2.9,2.9,2.6,2.2,1.7,1.2,0.9,0.7,0.7,0.8,1.2,1.6,2.1,2.4
2022,1,January,17,17 January 2022,2.5,2.4,2.1,1.8,1.6,1.5,1.5,1.8,2.2,2.6,2.9,3,2.9,2.5,2,1.5,1,0.7,0.6,0.7,0.9,1.4,1.9,2.3
2022,1,January,18,18 January 2022,2.6,2.6,2.3,2,1.6,1.4,1.4,1.6,1.9,2.3,2.8,3.1,3.1,2.8,2.4,1.8,1.2,0.8,0.6,0.6,0.7,1,1.7,2.2
2022,1,January,19,19 January 2022,2.5,2.6,2.5,2.2,1.8,1.5,1.4,1.4,1.6,2.1,2.6,3,3.2,3.1,2.7,2.1,1.5,1,0.7,0.6,0.6,0.9,1.4,2
2022,1,January,20,20 January 2022,2.4,2.7,2.7,2.4,2,1.6,1.4,1.3,1.5,1.8,2.3,2.9,3.2,3.2,2.9,2.5,1.9,1.3,0.8,0.6,0.5,0.7,1,1.7
2022,1,January,21,21 January 2022,2.3,2.6,2.7,2.6,2.2,1.8,1.4,1.3,1.3,1.5,2,2.5,3.1,3.3,3.1,2.8,2.2,1.6,1,0.7,0.6,0.6,0.9,1.4
2022,1,January,22,22 January 2022,2.1,2.5,2.7,2.7,2.5,2,1.6,1.3,1.2,1.3,1.7,2.2,2.7,3.1,3.2,3,2.5,1.9,1.3,0.9,0.6,0.6,0.8,1.2
2022,1,January,23,23 January 2022,1.8,2.3,2.7,2.7,2.6,2.3,1.8,1.4,1.2,1.2,1.4,1.8,2.3,2.8,3.1,3,2.7,2.2,1.6,1.1,0.8,0.7,0.7,1
2022,1,January,24,24 January 2022,1.5,2.1,2.5,2.8,2.7,2.5,2.1,1.6,1.3,1.2,1.2,1.5,1.8,2.3,2.8,2.9,2.8,2.5,2,1.4,1,0.8,0.8,1
2022,1,January,25,25 January 2022,1.3,1.8,2.3,2.7,2.8,2.7,2.4,1.9,1.5,1.3,1.2,1.2,1.4,1.8,2.2,2.5,2.6,2.5,2.2,1.8,1.4,1.1,1,1
2022,1,January,26,26 January 2022,1.2,1.6,2,2.4,2.7,2.8,2.6,2.3,1.9,1.5,1.3,1.1,1.2,1.4,1.7,2,2.2,2.3,2.3,2.1,1.8,1.5,1.3,1.2
2022,1,January,27,27 January 2022,1.3,1.5,1.8,2.1,2.4,2.7,2.8,2.6,2.3,1.9,1.6,1.3,1,1.1,1.2,1.4,1.7,1.9,2.1,2.1,2,1.9,1.7,1.5
2022,1,January,28,28 January 2022,1.4,1.5,1.6,1.8,2.1,2.4,2.7,2.8,2.7,2.4,2,1.6,1.3,1.1,1,1,1.1,1.3,1.6,1.9,2.1,2.1,2.1,2
2022,1,January,29,29 January 2022,1.8,1.6,1.6,1.7,1.8,2.1,2.4,2.7,2.8,2.8,2.5,2.1,1.7,1.3,1,0.8,0.7,0.9,1,1.4,1.8,2.1,2.3,2.3
2022,1,January,30,30 January 2022,2.1,1.9,1.7,1.6,1.6,1.8,2,2.4,2.8,3,2.9,2.7,2.2,1.7,1.2,0.8,0.6,0.5,0.7,0.9,1.4,1.9,2.3,2.5
2022,1,January,31,31 January 2022,2.5,2.3,1.9,1.7,1.5,1.5,1.7,2,2.4,2.9,3.2,3.1,2.8,2.3,1.7,1.1,0.7,0.5,0.4,0.5,0.9,1.5,2.1,2.5
2022,2,February,1,01 February 2022,2.7,2.6,2.3,1.8,1.5,1.4,1.4,1.6,2,2.6,3.1,3.3,3.2,2.8,2.2,1.6,1,0.6,0.4,0.3,0.5,1,1.7,2.3
2022,2,February,2,02 February 2022,2.6,2.7,2.6,2.2,1.7,1.4,1.3,1.3,1.6,2.1,2.7,3.3,3.4,3.2,2.8,2.1,1.4,0.8,0.5,0.3,0.3,0.6,1.2,2
2022,2,February,3,03 February 2022,2.5,2.8,2.8,2.5,2,1.5,1.2,1.2,1.3,1.6,2.2,2.9,3.4,3.4,3.2,2.7,1.9,1.2,0.7,0.4,0.3,0.4,0.9,1.6
2022,2,February,4,04 February 2022,2.3,2.7,2.8,2.7,2.3,1.8,1.3,1.1,1.1,1.3,1.7,2.4,3.1,3.4,3.3,3,2.4,1.7,1.1,0.7,0.4,0.4,0.6,1.2
2022,2,February,5,05 February 2022,2,2.6,2.8,2.8,2.6,2.1,1.5,1.2,1,1.1,1.3,1.8,2.6,3.1,3.3,3.1,2.7,2.1,1.5,1,0.7,0.5,0.6,1
2022,2,February,6,06 February 2022,1.7,2.3,2.7,2.8,2.7,2.3,1.8,1.4,1.1,1,1.1,1.4,2,2.6,3,3,2.8,2.4,1.8,1.3,0.9,0.7,0.7,0.9
2022,2,February,7,07 February 2022,1.4,2.1,2.5,2.8,2.7,2.5,2.1,1.6,1.2,1,1,1.2,1.5,2.1,2.5,2.7,2.7,2.5,2.1,1.6,1.2,1,0.9,1
2022,2,February,8,08 February 2022,1.3,1.8,2.3,2.6,2.7,2.6,2.3,1.9,1.5,1.2,1.1,1.1,1.3,1.6,2,2.3,2.4,2.3,2.1,1.8,1.5,1.3,1.2,1.2
2022,2,February,9,09 February 2022,1.4,1.7,2.1,2.4,2.6,2.6,2.4,2.1,1.7,1.4,1.2,1.2,1.2,1.3,1.6,1.8,2,2,2,1.9,1.7,1.5,1.4,1.4
2022,2,February,10,10 February 2022,1.5,1.7,2,2.2,2.4,2.5,2.5,2.3,2,1.7,1.5,1.3,1.2,1.2,1.3,1.4,1.6,1.7,1.8,1.8,1.8,1.7,1.7,1.6
2022,2,February,11,11 February 2022,1.6,1.7,1.9,2,2.2,2.3,2.4,2.4,2.3,2.1,1.8,1.6,1.4,1.2,1.1,1.1,1.2,1.3,1.5,1.6,1.8,1.9,1.9,1.8
2022,2,February,12,12 February 2022,1.8,1.7,1.8,1.9,2,2.1,2.3,2.4,2.4,2.4,2.2,2,1.7,1.4,1.1,1,1,1,1.2,1.4,1.6,1.9,2,2.1
2022,2,February,13,13 February 2022,2,1.8,1.7,1.7,1.8,1.9,2,2.2,2.4,2.6,2.5,2.3,2,1.6,1.3,1,0.8,0.8,0.9,1.1,1.5,1.8,2.1,2.2
2022,2,February,14,14 February 2022,2.2,2,1.8,1.6,1.6,1.6,1.8,2,2.3,2.6,2.8,2.7,2.4,2,1.5,1.1,0.8,0.7,0.7,0.9,1.2,1.7,2.1,2.4
2022,2,February,15,15 February 2022,2.4,2.2,1.9,1.6,1.5,1.4,1.5,1.8,2.1,2.5,2.9,2.9,2.8,2.4,1.8,1.3,0.9,0.7,0.6,0.7,1,1.5,2,2.4
2022,2,February,16,16 February 2022,2.5,2.5,2.2,1.8,1.5,1.3,1.3,1.5,1.8,2.3,2.8,3.1,3,2.7,2.2,1.6,1.1,0.7,0.5,0.6,0.8,1.3,1.9,2.4
2022,2,February,17,17 February 2022,2.6,2.6,2.4,2,1.5,1.3,1.2,1.3,1.5,2,2.6,3.1,3.2,3,2.5,1.9,1.3,0.9,0.6,0.5,0.6,1,1.6,2.3
2022,2,February,18,18 February 2022,2.6,2.7,2.6,2.2,1.7,1.3,1.1,1.1,1.3,1.7,2.3,2.9,3.2,3.1,2.8,2.3,1.6,1.1,0.7,0.5,0.5,0.8,1.3,2
2022,2,February,19,19 February 2022,2.6,2.8,2.7,2.5,2,1.5,1.1,1,1.1,1.4,1.9,2.6,3.1,3.2,3,2.6,2,1.3,0.9,0.6,0.5,0.7,1.1,1.7
2022,2,February,20,20 February 2022,2.4,2.8,2.8,2.7,2.3,1.7,1.2,1,0.9,1.1,1.5,2.1,2.8,3.1,3.1,2.8,2.3,1.7,1.1,0.7,0.6,0.6,0.9,1.5
2022,2,February,21,21 February 2022,2.2,2.7,2.9,2.8,2.5,2,1.4,1,0.8,0.9,1.1,1.6,2.3,2.8,3,2.9,2.6,2,1.4,1,0.7,0.7,0.9,1.3
2022,2,February,22,22 February 2022,1.9,2.5,2.9,2.9,2.7,2.3,1.7,1.2,0.9,0.8,0.9,1.2,1.7,2.3,2.7,2.8,2.7,2.3,1.8,1.3,1,0.8,0.9,1.2
2022,2,February,23,23 February 2022,1.6,2.2,2.7,2.9,2.9,2.6,2.1,1.5,1.1,0.8,0.8,0.9,1.2,1.7,2.2,2.5,2.5,2.4,2,1.6,1.3,1.1,1,1.2
2022,2,February,24,24 February 2022,1.5,2,2.4,2.8,2.9,2.7,2.4,1.9,1.5,1.1,0.9,0.8,1,1.2,1.6,1.9,2.1,2.2,2.1,1.9,1.6,1.4,1.3,1.3
2022,2,February,25,25 February 2022,1.5,1.8,2.1,2.4,2.7,2.7,2.6,2.3,1.9,1.5,1.2,1,0.9,1,1.1,1.3,1.6,1.8,1.9,1.9,1.9,1.8,1.6,1.6
2022,2,February,26,26 February 2022,1.6,1.7,1.9,2.1,2.3,2.5,2.6,2.6,2.4,2.1,1.7,1.4,1.1,0.9,0.9,0.9,1.1,1.3,1.5,1.7,1.9,2,2,1.9
2022,2,February,27,27 February 2022,1.8,1.7,1.7,1.8,1.9,2.1,2.3,2.5,2.6,2.5,2.3,2,1.6,1.2,0.9,0.7,0.7,0.8,1,1.3,1.7,2,2.2,2.2
2022,2,February,28,28 February 2022,2.1,1.9,1.7,1.6,1.6,1.7,1.9,2.3,2.6,2.8,2.8,2.5,2.1,1.6,1.2,0.8,0.6,0.5,0.6,0.9,1.4,1.9,2.3,2.5
2022,3,March,1,01 March 2022,2.4,2.2,1.8,1.6,1.4,1.4,1.6,1.8,2.3,2.8,3,3,2.7,2.2,1.6,1.1,0.7,0.4,0.4,0.6,1,1.6,2.2,2.5
2022,3,March,2,02 March 2022,2.6,2.5,2.1,1.7,1.4,1.2,1.2,1.4,1.8,2.5,3,3.2,3.1,2.7,2.1,1.5,0.9,0.5,0.4,0.4,0.6,1.2,2,2.5
2022,3,March,3,03 March 2022,2.7,2.7,2.4,1.9,1.4,1.1,1,1.1,1.4,2,2.7,3.2,3.3,3.1,2.6,1.9,1.3,0.8,0.4,0.3,0.5,0.9,1.7,2.3
2022,3,March,4,04 March 2022,2.7,2.8,2.7,2.2,1.6,1.2,0.9,0.9,1.1,1.5,2.2,2.9,3.3,3.3,3,2.4,1.7,1.1,0.6,0.4,0.4,0.7,1.3,2.1
2022,3,March,5,05 March 2022,2.7,2.8,2.8,2.5,1.9,1.4,1,0.8,0.8,1.1,1.6,2.4,3.1,3.3,3.1,2.7,2.1,1.4,0.9,0.6,0.5,0.6,1,1.8
2022,3,March,6,06 March 2022,2.5,2.8,2.9,2.7,2.2,1.6,1.1,0.8,0.7,0.8,1.2,1.9,2.6,3,3.1,2.9,2.4,1.8,1.2,0.8,0.6,0.6,0.9,1.5
2022,3,March,7,07 March 2022,2.3,2.8,2.9,2.8,2.4,1.9,1.3,0.9,0.7,0.7,0.9,1.4,2.1,2.7,2.9,2.9,2.6,2.1,1.5,1.1,0.8,0.8,0.9,1.4
2022,3,March,8,08 March 2022,2,2.6,2.9,2.8,2.6,2.1,1.6,1.1,0.8,0.7,0.8,1.1,1.6,2.2,2.5,2.6,2.5,2.2,1.7,1.3,1.1,1,1.1,1.3
2022,3,March,9,09 March 2022,1.8,2.4,2.7,2.8,2.7,2.3,1.8,1.3,1,0.8,0.8,0.9,1.3,1.7,2.1,2.3,2.3,2.2,1.8,1.5,1.3,1.2,1.2,1.4
2022,3,March,10,10 March 2022,1.7,2.2,2.5,2.7,2.6,2.4,2,1.6,1.3,1,0.9,0.9,1.1,1.4,1.7,1.9,2,2,1.8,1.6,1.5,1.4,1.4,1.5
2022,3,March,11,11 March 2022,1.7,2,2.3,2.5,2.6,2.4,2.2,1.9,1.6,1.3,1.2,1.1,1.1,1.2,1.4,1.5,1.6,1.7,1.7,1.7,1.6,1.6,1.6,1.6
2022,3,March,12,12 March 2022,1.7,1.9,2.1,2.3,2.4,2.4,2.3,2.1,1.9,1.7,1.5,1.3,1.2,1.1,1.2,1.2,1.3,1.4,1.5,1.6,1.7,1.7,1.8,1.8
2022,3,March,13,13 March 2022,1.8,1.8,1.9,2,2.1,2.2,2.2,2.2,2.2,2.1,1.9,1.7,1.4,1.2,1.1,1,1,1.1,1.3,1.5,1.7,1.9,2,2
2022,3,March,14,14 March 2022,1.9,1.8,1.7,1.8,1.8,1.9,2,2.2,2.3,2.4,2.3,2.1,1.8,1.4,1.1,0.9,0.8,0.9,1,1.3,1.6,1.9,2.1,2.2
2022,3,March,15,15 March 2022,2.1,1.9,1.7,1.6,1.5,1.6,1.8,2,2.3,2.6,2.6,2.5,2.2,1.7,1.3,1,0.7,0.7,0.8,1.1,1.5,1.9,2.3,2.4
2022,3,March,16,16 March 2022,2.3,2.1,1.7,1.5,1.4,1.3,1.5,1.8,2.2,2.6,2.8,2.8,2.5,2.1,1.6,1.1,0.8,0.6,0.6,0.8,1.3,1.9,2.3,2.5
2022,3,March,17,17 March 2022,2.5,2.3,1.9,1.5,1.2,1.1,1.2,1.4,1.9,2.4,2.8,3,2.8,2.5,1.9,1.3,0.9,0.6,0.5,0.6,1,1.6,2.3,2.6
2022,3,March,18,18 March 2022,2.7,2.6,2.2,1.7,1.2,1,1,1.1,1.5,2.1,2.7,3.1,3,2.8,2.3,1.6,1.1,0.7,0.5,0.5,0.8,1.4,2.1,2.7
2022,3,March,19,19 March 2022,2.8,2.7,2.4,1.9,1.4,1,0.8,0.9,1.1,1.6,2.3,3,3.1,3,2.6,2,1.4,0.9,0.6,0.5,0.7,1.1,1.8,2.6
2022,3,March,20,20 March 2022,2.9,2.9,2.7,2.2,1.6,1.1,0.8,0.7,0.8,1.2,1.8,2.6,3.1,3.1,2.9,2.4,1.7,1.2,0.8,0.6,0.6,0.9,1.5,2.3
2022,3,March,21,21 March 2022,2.9,3,2.9,2.5,1.9,1.3,0.8,0.6,0.6,0.8,1.3,2.1,2.7,3,3,2.7,2.1,1.5,1,0.8,0.7,0.8,1.3,1.9
2022,3,March,22,22 March 2022,2.7,3.1,3,2.7,2.2,1.6,1,0.6,0.5,0.6,0.9,1.5,2.2,2.7,2.9,2.8,2.4,1.9,1.3,1,0.8,0.9,1.2,1.7
2022,3,March,23,23 March 2022,2.4,2.9,3.1,2.9,2.5,1.9,1.3,0.8,0.5,0.5,0.6,1,1.6,2.2,2.6,2.7,2.5,2.2,1.7,1.3,1,1,1.1,1.5
2022,3,March,24,24 March 2022,2.1,2.6,3,3,2.8,2.3,1.7,1.2,0.8,0.6,0.5,0.7,1.1,1.6,2.1,2.3,2.4,2.2,1.9,1.6,1.3,1.2,1.2,1.4
2022,3,March,25,25 March 2022,1.8,2.3,2.7,2.9,2.9,2.6,2.2,1.6,1.2,0.9,0.7,0.7,0.8,1.1,1.5,1.8,2,2.1,2,1.8,1.6,1.5,1.4,1.5
2022,3,March,26,26 March 2022,1.7,2,2.3,2.6,2.7,2.7,2.5,2.1,1.7,1.4,1.1,0.9,0.8,0.9,1,1.3,1.5,1.7,1.8,1.9,1.9,1.8,1.7,1.6
2022,3,March,27,27 March 2022,1.7,1.8,1.9,2.1,2.3,2.5,2.5,2.4,2.2,2,1.6,1.3,1.1,0.9,0.8,0.8,1,1.2,1.5,1.7,2,2.1,2,1.9
2022,3,March,28,28 March 2022,1.8,1.7,1.7,1.7,1.9,2.1,2.3,2.5,2.5,2.5,2.2,1.9,1.5,1.1,0.9,0.7,0.7,0.8,1.1,1.4,1.9,2.2,2.3,2.2
2022,3,March,29,29 March 2022,2.1,1.8,1.6,1.5,1.5,1.6,1.8,2.2,2.5,2.7,2.7,2.5,2.1,1.6,1.1,0.7,0.5,0.5,0.7,1.1,1.6,2.1,2.4,2.5
2022,3,March,30,30 March 2022,2.4,2,1.7,1.4,1.2,1.2,1.4,1.7,2.3,2.7,2.9,2.9,2.6,2.1,1.5,1,0.6,0.5,0.5,0.8,1.3,2,2.4,2.6
2022,3,March,31,31 March 2022,2.6,2.3,1.9,1.4,1.1,1,1,1.3,1.8,2.5,2.9,3.1,2.9,2.5,1.9,1.3,0.8,0.5,0.4,0.6,1,1.7,2.4,2.7
2022,4,April,1,01 April 2022,2.8,2.6,2.2,1.6,1.1,0.9,0.8,0.9,1.3,2,2.7,3.1,3.1,2.9,2.3,1.7,1.1,0.7,0.5,0.5,0.8,1.4,2.2,2.7
2022,4,April,2,02 April 2022,2.9,2.8,2.4,1.9,1.3,0.9,0.7,0.7,0.9,1.5,2.2,2.9,3.1,3,2.7,2.1,1.4,0.9,0.6,0.6,0.7,1.2,2,2.6
2022,4,April,3,03 April 2022,2.9,2.9,2.7,2.1,1.5,1,0.7,0.6,0.7,1,1.7,2.5,2.9,3,2.9,2.4,1.8,1.2,0.9,0.7,0.7,1,1.7,2.4
2022,4,April,4,04 April 2022,2.9,3,2.8,2.4,1.8,1.2,0.7,0.5,0.5,0.7,1.2,2,2.6,2.9,2.9,2.6,2.1,1.5,1.1,0.8,0.8,1,1.4,2.2
2022,4,April,5,05 April 2022,2.8,3,2.9,2.6,2,1.4,0.9,0.6,0.5,0.6,0.9,1.5,2.2,2.6,2.7,2.6,2.3,1.8,1.3,1,0.9,1,1.3,1.9
2022,4,April,6,06 April 2022,2.6,2.9,2.9,2.7,2.3,1.7,1.1,0.7,0.5,0.5,0.7,1.2,1.7,2.2,2.5,2.5,2.3,1.9,1.5,1.2,1.1,1.1,1.3,1.7
2022,4,April,7,07 April 2022,2.3,2.8,2.9,2.8,2.5,2,1.4,1,0.7,0.6,0.7,0.9,1.4,1.8,2.1,2.3,2.2,2,1.7,1.4,1.2,1.2,1.4,1.6
2022,4,April,8,08 April 2022,2.1,2.6,2.8,2.8,2.6,2.2,1.7,1.3,1,0.8,0.8,0.9,1.1,1.5,1.8,1.9,2,1.9,1.7,1.5,1.4,1.4,1.4,1.6
2022,4,April,9,09 April 2022,1.9,2.3,2.6,2.7,2.6,2.3,2,1.6,1.3,1.1,1,0.9,1,1.2,1.5,1.6,1.7,1.8,1.7,1.6,1.5,1.5,1.5,1.6
2022,4,April,10,10 April 2022,1.8,2.1,2.3,2.4,2.5,2.4,2.2,1.9,1.7,1.5,1.3,1.2,1.1,1.1,1.2,1.3,1.4,1.5,1.6,1.7,1.7,1.7,1.7,1.7
2022,4,April,11,11 April 2022,1.7,1.9,2,2.1,2.2,2.2,2.2,2.2,2,1.9,1.7,1.5,1.2,1.1,1,1.1,1.1,1.3,1.5,1.7,1.8,1.9,1.9,1.9
2022,4,April,12,12 April 2022,1.8,1.7,1.8,1.8,1.9,2,2.1,2.2,2.3,2.2,2.1,1.8,1.5,1.2,1,0.9,0.9,1,1.3,1.6,1.9,2.1,2.2,2.1
2022,4,April,13,13 April 2022,1.9,1.7,1.6,1.5,1.5,1.7,1.9,2.1,2.4,2.5,2.4,2.2,1.9,1.4,1.1,0.9,0.7,0.8,1,1.4,1.9,2.3,2.4,2.4
2022,4,April,14,14 April 2022,2.2,1.8,1.5,1.3,1.3,1.3,1.5,1.9,2.3,2.6,2.7,2.6,2.2,1.7,1.3,0.9,0.7,0.7,0.8,1.2,1.8,2.3,2.6,2.6
2022,4,April,15,15 April 2022,2.4,2.1,1.6,1.3,1.1,1,1.2,1.5,2,2.5,2.8,2.8,2.6,2.1,1.6,1.1,0.8,0.6,0.7,1,1.5,2.2,2.7,2.8
2022,4,April,16,16 April 2022,2.7,2.4,1.8,1.3,1,0.8,0.8,1.1,1.5,2.2,2.8,3,2.9,2.5,1.9,1.3,0.9,0.7,0.6,0.8,1.2,2,2.7,3
2022,4,April,17,17 April 2022,2.9,2.7,2.1,1.5,1,0.7,0.6,0.7,1.1,1.7,2.4,2.9,3,2.8,2.4,1.7,1.2,0.8,0.7,0.7,1,1.6,2.4,3
2022,4,April,18,18 April 2022,3.1,2.9,2.5,1.8,1.2,0.7,0.5,0.5,0.7,1.1,1.9,2.6,3,2.9,2.7,2.2,1.6,1.1,0.8,0.8,0.9,1.3,2,2.8
2022,4,April,19,19 April 2022,3.2,3.1,2.8,2.2,1.5,0.9,0.5,0.3,0.4,0.7,1.3,2.1,2.7,2.9,2.8,2.5,2,1.4,1.1,0.9,0.9,1.2,1.7,2.5
2022,4,April,20,20 April 2022,3.1,3.2,3,2.6,1.9,1.2,0.7,0.4,0.3,0.4,0.8,1.4,2.1,2.6,2.7,2.7,2.3,1.8,1.4,1.1,1,1.2,1.5,2.1
2022,4,April,21,21 April 2022,2.8,3.2,3.2,2.9,2.4,1.7,1.1,0.6,0.4,0.3,0.5,0.9,1.5,2.1,2.4,2.5,2.4,2.1,1.7,1.3,1.2,1.2,1.4,1.8
2022,4,April,22,22 April 2022,2.4,2.9,3.1,3,2.7,2.2,1.6,1,0.6,0.5,0.4,0.6,1,1.5,1.9,2.2,2.3,2.2,1.9,1.6,1.4,1.3,1.4,1.6
2022,4,April,23,23 April 2022,2,2.5,2.8,3,2.9,2.6,2.1,1.6,1.1,0.8,0.6,0.6,0.7,1,1.4,1.7,1.9,2.1,2,1.9,1.7,1.5,1.5,1.6
2022,4,April,24,24 April 2022,1.8,2.1,2.4,2.6,2.7,2.7,2.4,2.1,1.7,1.3,1,0.8,0.7,0.8,1,1.2,1.5,1.8,1.9,2,2,1.9,1.7,1.7
2022,4,April,25,25 April 2022,1.7,1.8,1.9,2.1,2.3,2.5,2.5,2.5,2.2,1.9,1.6,1.3,1,0.8,0.7,0.8,1,1.3,1.7,2,2.1,2.2,2.1,1.9
2022,4,April,26,26 April 2022,1.7,1.6,1.6,1.6,1.8,2,2.3,2.5,2.6,2.4,2.2,1.8,1.4,1,0.8,0.6,0.7,1,1.3,1.8,2.2,2.4,2.4,2.2
2022,4,April,27,27 April 2022,1.9,1.7,1.4,1.3,1.3,1.5,1.8,2.2,2.6,2.7,2.6,2.3,1.9,1.4,1,0.7,0.6,0.7,1,1.5,2.1,2.4,2.6,2.5
2022,4,April,28,28 April 2022,2.2,1.8,1.5,1.2,1,1.1,1.3,1.7,2.3,2.7,2.8,2.7,2.3,1.8,1.3,0.9,0.6,0.6,0.8,1.2,1.9,2.4,2.7,2.7
2022,4,April,29,29 April 2022,2.5,2.1,1.6,1.2,0.9,0.8,0.9,1.2,1.8,2.4,2.8,2.9,2.7,2.2,1.6,1.1,0.8,0.6,0.7,1,1.6,2.3,2.8,2.9
2022,4,April,30,30 April 2022,2.8,2.4,1.8,1.3,0.9,0.7,0.7,0.9,1.3,2,2.6,2.8,2.8,2.5,2,1.4,1,0.8,0.7,0.9,1.4,2.1,2.7,3
2022,5,May,1,01 May 2022,2.9,2.6,2.1,1.5,1,0.7,0.5,0.6,0.9,1.6,2.3,2.7,2.8,2.7,2.3,1.8,1.3,0.9,0.8,0.9,1.2,1.8,2.5,3
2022,5,May,2,02 May 2022,3,2.8,2.6,1.8,1.2,0.7,0.5,0.5,0.7,1.1,1.8,2.4,2.7,2.8,2.6,2.1,1.6,1.2,0.9,0.9,1.1,1.6,2.3,2.9
2022,5,May,3,03 May 2022,3.1,2.9,2.6,2.1,1.4,0.9,0.6,0.4,0.5,0.8,1.4,2.1,2.5,2.7,2.6,2.3,1.8,1.4,1.1,1,1.1,1.4,2,2.6
2022,5,May,4,04 May 2022,3,3,2.8,2.3,1.7,1.1,0.7,0.5,0.4,0.6,1.1,1.7,2.2,2.5,2.6,2.4,2.1,1.6,1.3,1.1,1.1,1.3,1.7,2.4
2022,5,May,5,05 May 2022,2.9,3,2.9,2.6,2,1.4,0.9,0.6,0.5,0.5,0.8,1.3,1.8,2.2,2.4,2.4,2.2,1.8,1.4,1.2,1.2,1.3,1.6,2.1
2022,5,May,6,06 May 2022,2.7,3,3,2.7,2.3,1.7,1.2,0.8,0.6,0.6,0.7,1,1.5,1.9,2.1,2.3,2.2,1.9,1.6,1.4,1.3,1.3,1.5,1.9
2022,5,May,7,07 May 2022,2.4,2.8,2.9,2.8,2.5,2.1,1.5,1.1,0.9,0.7,0.7,0.9,1.2,1.6,1.9,2,2.1,2,1.7,1.5,1.4,1.4,1.5,1.7
2022,5,May,8,08 May 2022,2.1,2.5,2.7,2.8,2.6,2.3,1.9,1.5,1.2,1,0.9,0.9,1,1.3,1.6,1.8,1.9,1.9,1.8,1.7,1.6,1.5,1.5,1.7
2022,5,May,9,09 May 2022,1.9,2.2,2.5,2.6,2.6,2.4,2.2,1.8,1.5,1.3,1.1,1,1,1.1,1.3,1.5,1.7,1.8,1.9,1.9,1.8,1.7,1.6,1.7
2022,5,May,10,10 May 2022,1.7,1.9,2.1,2.3,2.4,2.4,2.3,2.1,1.9,1.7,1.4,1.2,1,1,1,1.2,1.4,1.6,1.9,2,2,2,1.9,1.7
2022,5,May,11,11 May 2022,1.7,1.7,1.8,1.9,2,2.2,2.3,2.3,2.2,2,1.8,1.5,1.2,1,0.9,1,1.1,1.4,1.7,2.1,2.2,2.3,2.2,2
2022,5,May,12,12 May 2022,1.7,1.6,1.5,1.5,1.6,1.8,2,2.3,2.4,2.4,2.2,1.9,1.5,1.2,0.9,0.9,0.9,1.1,1.5,2,2.4,2.5,2.5,2.2
2022,5,May,13,13 May 2022,1.9,1.6,1.3,1.2,1.2,1.4,1.7,2,2.4,2.6,2.5,2.3,1.9,1.4,1.1,0.9,0.8,0.9,1.3,1.8,2.4,2.7,2.8,2.6
2022,5,May,14,14 May 2022,2.2,1.7,1.3,1,0.9,1,1.2,1.6,2.1,2.6,2.7,2.6,2.3,1.8,1.3,1,0.8,0.8,1.1,1.5,2.2,2.8,3,2.9
2022,5,May,15,15 May 2022,2.6,2,1.5,1,0.7,0.7,0.8,1.1,1.7,2.3,2.7,2.8,2.6,2.2,1.7,1.2,0.9,0.8,0.9,1.3,1.8,2.6,3.1,3.1
2022,5,May,16,16 May 2022,2.9,2.4,1.8,1.2,0.7,0.5,0.5,0.7,1.1,1.8,2.5,2.8,2.8,2.6,2.2,1.6,1.2,0.9,0.9,1.1,1.5,2.2,2.9,3.3
2022,5,May,17,17 May 2022,3.2,2.8,2.2,1.5,0.9,0.5,0.3,0.3,0.6,1.2,1.9,2.5,2.8,2.8,2.6,2,1.5,1.2,1,1,1.3,1.8,2.5,3.2
2022,5,May,18,18 May 2022,3.3,3.1,2.7,2,1.3,0.7,0.3,0.2,0.3,0.6,1.3,2,2.5,2.7,2.7,2.4,1.9,1.5,1.2,1.1,1.2,1.5,2.1,2.8
2022,5,May,19,19 May 2022,3.3,3.3,3,2.5,1.8,1.1,0.6,0.3,0.2,0.3,0.7,1.4,2,2.4,2.6,2.6,2.3,1.8,1.4,1.2,1.2,1.4,1.8,2.4
2022,5,May,20,20 May 2022,3,3.3,3.2,2.9,2.3,1.6,1,0.6,0.3,0.3,0.4,0.8,1.4,2,2.3,2.5,2.4,2.1,1.7,1.4,1.3,1.3,1.6,2
2022,5,May,21,21 May 2022,2.5,3,3.2,3.1,2.8,2.2,1.6,1,0.6,0.4,0.4,0.6,0.9,1.4,1.9,2.2,2.3,2.3,2,1.7,1.5,1.4,1.5,1.7
2022,5,May,22,22 May 2022,2.1,2.5,2.9,3,0.3,2.6,2.1,1.6,1.1,0.8,0.6,0.5,0.7,1,1.4,1.8,2.1,2.2,2.2,2,1.7,1.6,1.5,1.5
2022,5,May,23,23 May 2022,1.7,2,2.4,2.7,2.8,2.8,2.5,2.1,1.7,1.3,1,0.7,0.7,0.7,1,1.3,1.7,2,2.2,2.2,2.1,1.8,1.7,1.6
2022,5,May,24,24 May 2022,1.6,1.6,1.8,2.1,2.4,2.6,2.6,2.5,2.2,1.8,1.4,1.1,0.9,0.7,0.8,1,1.3,1.7,2.1,2.3,2.3,2.2,2,1.7
2022,5,May,25,25 May 2022,1.6,1.5,1.4,1.6,1.8,2.1,2.4,2.5,2.5,2.3,2,1.6,1.2,0.9,0.8,0.8,1,1.4,1.8,2.2,2.5,2.5,2.3,2
2022,5,May,26,26 May 2022,1.7,1.4,1.3,1.2,1.3,1.5,1.9,2.3,2.5,2.5,2.4,2,1.6,1.2,0.9,0.8,0.9,1.1,1.6,2.1,2.5,2.7,2.6,2.4
2022,5,May,27,27 May 2022,2,1.6,1.2,1,0.9,1.1,1.4,1.8,2.3,2.5,2.6,2.4,2,1.6,1.2,0.9,0.8,1,1.3,1.8,2.4,2.7,2.8,2.7
2022,5,May,28,28 May 2022,2.3,1.8,1.3,1,0.8,0.8,0.9,1.3,1.9,2.3,2.6,2.6,2.3,1.9,1.5,1.1,0.9,0.9,1.2,1.6,2.2,2.7,2.9,2.8
2022,5,May,29,29 May 2022,2.6,2.1,1.5,1.1,0.8,0.6,0.7,0.9,1.4,2,2.4,2.6,2.5,2.2,1.8,1.4,1.1,1,1.1,1.4,1.9,2.5,2.9,3
2022,5,May,30,30 May 2022,2.8,2.4,1.8,1.3,0.8,0.6,0.5,0.7,1,1.6,2.2,2.5,2.6,2.4,2.1,1.6,1.3,1.1,1.1,1.3,1.7,2.3,2.8,3
2022,5,May,31,31 May 2022,2.9,2.6,2.1,1.5,1,0.6,0.5,0.5,0.8,1.3,1.8,2.3,2.5,2.6,2.3,1.9,1.5,1.2,1.1,1.2,1.5,2,2.6,3
2022,6,June,1,01 June 2022,3.1,2.8,2.4,1.8,1.2,0.8,0.5,0.5,0.6,1,1.5,2,2.4,2.5,2.5,2.1,1.7,1.4,1.2,1.2,1.3,1.7,2.3,2.9
2022,6,June,2,02 June 2022,3.1,3,2.7,2.1,1.5,1,0.7,0.5,0.5,0.7,1.2,1.7,2.2,2.4,2.5,2.3,1.9,1.6,1.3,1.2,1.3,1.6,2,2.6
2022,6,June,3,03 June 2022,3,3.1,2.9,2.5,1.9,1.3,0.9,0.6,0.5,0.6,0.9,1.4,1.9,2.2,2.4,2.4,2.1,1.7,1.4,1.3,1.2,1.4,1.8,2.3
2022,6,June,4,04 June 2022,2.8,3.1,3,2.7,2.2,1.6,1.1,0.8,0.6,0.6,0.7,1.1,1.6,2,2.2,2.3,2.2,1.9,1.6,1.4,1.3,1.3,1.6,2.1
2022,6,June,5,05 June 2022,2.6,2.9,3,2.9,2.5,2,1.5,1,0.8,0.6,0.7,0.9,1.3,1.7,2,2.2,2.2,2.1,1.8,1.5,1.4,1.4,1.5,1.8
2022,6,June,6,06 June 2022,2.2,2.6,2.9,2.9,2.7,2.3,1.8,1.3,1,0.8,0.7,0.8,1.1,1.4,1.8,2,2.2,2.1,2,1.7,1.5,1.4,1.4,1.6
2022,6,June,7,07 June 2022,1.9,2.3,2.6,2.7,2.7,2.5,2.1,1.7,1.3,1,0.9,0.8,0.9,1.2,1.5,1.8,2,2.2,2.1,2,1.8,1.6,1.5,1.5
2022,6,June,8,08 June 2022,1.7,1.9,2.2,2.4,2.5,2.5,2.3,2,1.7,1.3,1.1,0.9,0.9,1,1.2,1.5,1.8,2.1,2.3,2.2,2.1,1.9,1.6,1.5
2022,6,June,9,09 June 2022,1.5,1.6,1.8,2,2.2,2.3,2.4,2.3,2,1.7,1.4,1.2,1,1,1,1.2,1.6,1.9,2.2,2.4,2.4,2.2,1.9,1.7
2022,6,June,10,10 June 2022,1.5,1.4,1.4,1.5,1.7,2,2.2,2.3,2.3,2.1,1.8,1.5,1.2,1,1,1.1,1.3,1.7,2.1,2.5,2.6,2.6,2.3,1.9
2022,6,June,11,11 June 2022,1.6,1.3,1.1,1.1,1.2,1.5,1.8,2.1,2.4,2.4,2.2,1.9,1.5,1.2,1,1,1.1,1.4,1.8,2.3,2.7,2.9,2.7,2.3
2022,6,June,12,12 June 2022,1.9,1.4,1,0.8,0.8,1,1.3,1.7,2.2,2.4,2.5,2.3,2,1.6,1.2,1.1,1,1.2,1.5,2,2.6,3,3,2.7
2022,6,June,13,13 June 2022,2.3,1.7,1.1,0.8,0.6,0.6,0.8,1.2,1.7,2.2,2.5,2.6,2.4,2,1.6,1.2,1.1,1.1,1.3,1.7,2.3,2.9,3.2,3.1
2022,6,June,14,14 June 2022,2.7,2.2,1.5,0.9,0.5,0.4,0.4,0.7,1.1,1.8,2.3,2.6,2.7,2.5,2,1.6,1.2,1.1,1.2,1.4,1.9,2.6,3.2,3.3
2022,6,June,15,15 June 2022,3.1,2.7,2,1.3,0.7,0.4,0.2,0.3,0.6,1.2,1.9,2.4,2.6,2.7,2.4,2,1.5,1.3,1.2,1.3,1.6,2.1,2.8,3.3
2022,6,June,16,16 June 2022,3.4,3.1,2.6,1.9,1.2,0.6,0.3,0.2,0.3,0.6,1.2,1.9,2.4,2.6,2.6,2.4,1.9,1.5,1.3,1.2,1.4,1.7,2.3,3
2022,6,June,17,17 June 2022,3.4,3.4,3,2.5,1.8,1.1,0.6,0.3,0.2,0.3,0.7,1.3,2,2.4,2.6,2.6,2.3,1.8,1.5,1.3,1.2,1.4,1.8,2.5
2022,6,June,18,18 June 2022,3.1,3.4,3.3,3,2.4,1.7,1,0.6,0.3,0.2,0.4,0.8,1.4,2,2.4,2.6,2.5,2.1,1.7,1.4,1.3,1.3,1.5,2
2022,6,June,19,19 June 2022,2.6,3.1,3.3,3.2,2.8,2.2,1.6,1,0.6,0.4,0.3,0.5,1,1.5,2.1,2.4,2.5,2.4,2,1.7,1.4,1.3,1.3,1.6
2022,6,June,20,20 June 2022,2,2.6,3,3.2,0.3,2.7,2.1,1.5,1,0.7,0.5,0.5,0.7,1.1,1.7,2.1,2.4,2.4,2.3,2,1.6,1.4,1.3,1.4
2022,6,June,21,21 June 2022,1.6,2,2.4,2.8,2.9,2.8,2.5,2,1.5,1.1,0.8,0.7,0.6,0.9,1.3,1.8,2.2,2.4,2.4,2.3,2,1.7,1.4,1.3
2022,6,June,22,22 June 2022,1.4,1.5,1.8,2.2,2.5,2.6,2.6,2.3,2,1.6,1.2,1,0.8,0.8,1,1.4,1.9,2.2,2.4,2.5,2.3,2,1.7,1.5
2022,6,June,23,23 June 2022,1.3,1.3,1.4,1.6,1.9,2.2,2.4,2.4,2.3,2,1.6,1.3,1.1,1,1,1.2,1.6,2,2.3,2.5,2.5,2.3,2,1.7
2022,6,June,24,24 June 2022,1.4,1.2,1.1,1.2,1.3,1.6,1.9,2.2,2.3,2.2,2,1.7,1.4,1.2,1.1,1.1,1.3,1.7,2.1,2.4,2.6,2.6,2.4,2
2022,6,June,25,25 June 2022,1.7,1.3,1.1,0.9,1,1.1,1.4,1.8,2.1,2.3,2.2,2,1.7,1.5,1.2,1.2,1.2,1.5,1.9,2.3,2.6,2.7,2.6,2.4
2022,6,June,26,26 June 2022,2,1.5,1.1,0.9,0.8,0.8,1,1.4,1.8,2.1,2.3,2.3,2.1,1.7,1.4,1.3,1.2,1.3,1.6,2,2.5,2.8,2.8,2.6
2022,6,June,27,27 June 2022,2.3,1.8,1.3,0.9,0.7,0.6,0.8,1,1.4,1.9,2.2,2.4,2.3,2,1.7,1.4,1.2,1.3,1.4,1.8,2.3,2.7,2.9,2.8
2022,6,June,28,28 June 2022,2.6,2.1,1.6,1.1,0.8,0.6,0.6,0.8,1.1,1.6,2.1,2.4,2.4,2.3,1.9,1.6,1.3,1.2,1.3,1.6,2,2.5,2.9,3
2022,6,June,29,29 June 2022,2.8,2.4,1.9,1.4,0.9,0.6,0.5,0.6,0.9,1.3,1.8,2.2,2.4,2.4,2.2,1.8,1.5,1.3,1.2,1.4,1.7,2.2,2.7,3
2022,6,June,30,30 June 2022,3,2.7,2.3,1.7,1.1,0.8,0.5,0.5,0.7,1,1.5,2,2.4,2.5,2.4,2,1.6,1.3,1.2,1.2,1.5,1.9,2.5,2.9
2022,7,July,1,01 July 2022,3.1,3,2.6,2,1.5,1,0.6,0.5,0.6,0.8,1.3,1.8,2.2,2.4,2.5,2.2,1.9,1.5,1.2,1.2,1.3,1.7,2.2,2.7
2022,7,July,2,02 July 2022,3.1,3.1,2.9,2.4,1.8,1.2,0.8,0.6,0.5,0.6,1,1.5,2,2.3,2.5,2.4,2.1,1.7,1.4,1.2,1.2,1.5,1.9,2.4
2022,7,July,3,03 July 2022,2.9,3.1,3,2.7,2.2,1.6,1,0.7,0.5,0.5,0.8,1.2,1.8,2.2,2.4,2.4,2.3,1.9,1.5,1.3,1.2,1.3,1.6,2.1
2022,7,July,4,04 July 2022,2.6,3,3.1,2.9,2.5,1.9,1.3,0.9,0.7,0.6,0.7,1,1.5,2,2.3,2.4,2.4,2.1,1.7,1.4,1.2,1.2,1.4,1.8
2022,7,July,5,05 July 2022,2.3,2.8,3,2.9,2.7,2.2,1.6,1.1,0.8,0.6,0.6,0.8,1.2,1.7,2.1,2.4,2.4,2.3,2,1.6,1.3,1.2,1.3,1.5
2022,7,July,6,06 July 2022,1.9,2.4,2.7,2.8,2.7,2.4,2,1.5,1.1,0.8,0.7,0.8,1,1.4,1.9,2.3,2.4,2.4,2.2,1.9,1.6,1.3,1.2,1.3
2022,7,July,7,07 July 2022,1.5,1.9,2.3,2.5,2.6,2.5,2.2,1.8,1.4,1.1,0.9,0.8,0.9,1.2,1.6,2,2.3,2.5,2.5,2.2,1.9,1.5,1.3,1.2
2022,7,July,8,08 July 2022,1.3,1.5,1.7,2.1,2.3,2.4,2.3,2.1,1.8,1.4,1.1,1,1,1.1,1.4,1.7,2.1,2.4,2.6,2.5,2.3,1.9,1.6,1.3
2022,7,July,9,09 July 2022,1.2,1.2,1.3,1.5,1.8,2,2.2,2.2,2.1,1.8,1.6,1.3,1.1,1.1,1.3,1.5,1.8,2.2,2.5,2.7,2.6,2.3,2,1.6
2022,7,July,10,10 July 2022,1.2,1,1,1,1.2,1.5,1.8,2.1,2.2,2.2,2,1.7,1.4,1.3,1.2,1.3,1.5,1.9,2.3,2.6,2.8,2.7,2.4,2
2022,7,July,11,11 July 2022,1.5,1.1,0.8,0.7,0.8,1,1.3,1.7,2.1,2.2,2.3,2.2,1.9,1.5,1.3,1.3,1.4,1.6,1.9,2.4,2.8,3,2.8,2.5
2022,7,July,12,12 July 2022,2,1.4,1,0.7,0.5,0.6,0.8,1.2,1.7,2.1,2.4,2.4,2.3,2,1.6,1.4,1.3,1.4,1.6,2,2.5,3,3.1,3
2022,7,July,13,13 July 2022,2.6,2,1.3,0.8,0.5,0.4,0.4,0.7,1.1,1.7,2.2,2.5,2.5,2.4,2,1.6,1.3,1.3,1.4,1.6,2.1,2.7,3.2,3.3
2022,7,July,14,14 July 2022,3,2.6,1.9,1.2,0.7,0.4,0.2,0.3,0.6,1.1,1.8,2.3,2.6,2.6,2.4,1.9,1.5,1.3,1.2,1.4,1.7,2.2,2.9,3.3
2022,7,July,15,15 July 2022,3.4,3.1,2.5,1.8,1.1,0.6,0.3,0.2,0.3,0.6,1.2,2,2.4,2.6,2.6,2.3,1.8,1.4,1.2,1.2,1.4,1.7,2.4,3.1
2022,7,July,16,16 July 2022,3.4,3.4,3.1,2.5,1.7,1,0.6,0.3,0.2,0.3,0.7,1.4,2.1,2.5,2.7,2.6,2.2,1.7,1.3,1.1,1.1,1.4,1.8,2.5
2022,7,July,17,17 July 2022,3.2,3.4,3.3,3,2.3,1.6,1,0.5,0.3,0.2,0.4,1,1.7,2.3,2.6,2.7,2.5,2,1.6,1.2,1.1,1.1,1.4,1.9
2022,7,July,18,18 July 2022,2.6,3.2,3.4,3.2,2.8,2.2,1.5,0.9,0.5,0.3,0.3,0.6,1.3,2,2.4,2.6,2.6,2.3,1.9,1.4,1.1,1,1.1,1.4
2022,7,July,19,19 July 2022,2,2.6,3.1,3.2,0.3,2.6,1.9,1.3,0.9,0.6,0.5,0.6,1,1.6,2.2,2.5,2.6,2.5,2.2,1.7,1.3,1.1,1,1.2
2022,7,July,20,20 July 2022,1.5,2,2.5,2.8,2.9,2.7,2.3,1.8,1.3,0.9,0.7,0.7,0.9,1.3,1.9,2.3,2.5,2.6,2.4,2.1,1.6,1.3,1.1,1.1
2022,7,July,21,21 July 2022,1.2,1.5,1.9,2.3,2.5,2.5,2.4,2.1,1.7,1.3,1.1,0.9,1,1.2,1.6,2,2.4,2.5,2.5,2.3,2,1.6,1.3,1.2
2022,7,July,22,22 July 2022,1.1,1.2,1.4,1.7,2,2.2,2.2,2.1,1.9,1.6,1.4,1.2,1.2,1.2,1.4,1.8,2.1,2.4,2.5,2.5,2.3,2,1.6,1.4
2022,7,July,23,23 July 2022,1.2,1.1,1.1,1.2,1.5,1.7,1.9,2,2,1.9,1.7,1.5,1.4,1.4,1.4,1.6,1.9,2.1,2.4,2.5,2.5,2.3,2,1.7
2022,7,July,24,24 July 2022,1.4,1.1,1,1,1.1,1.3,1.5,1.7,1.9,2,2,1.8,1.7,1.5,1.5,1.5,1.7,1.9,2.2,2.4,2.5,2.5,2.3,2
2022,7,July,25,25 July 2022,1.7,1.3,1,0.9,0.8,0.9,1.1,1.4,1.7,2,2.1,2.1,1.9,1.7,1.5,1.5,1.5,1.7,1.9,2.2,2.5,2.6,2.6,2.4
2022,7,July,26,26 July 2022,2,1.6,1.2,0.9,0.7,0.7,0.8,1.1,1.4,1.8,2.1,2.2,2.1,1.9,1.7,1.5,1.4,1.5,1.7,2,2.3,2.6,2.8,2.7
2022,7,July,27,27 July 2022,2.4,1.9,1.4,1,0.7,0.6,0.7,0.8,1.2,1.6,2,2.3,2.3,2.2,1.8,1.5,1.3,1.3,1.4,1.7,2.1,2.5,2.8,2.9
2022,7,July,28,28 July 2022,2.7,2.3,1.8,1.3,0.9,0.6,0.6,0.7,0.9,1.4,1.9,2.3,2.4,2.4,2.1,1.7,1.4,1.2,1.2,1.5,1.8,2.3,2.8,3
2022,7,July,29,29 July 2022,3,2.7,2.2,1.6,1.1,0.7,0.5,0.5,0.7,1.1,1.7,2.2,2.5,2.5,2.3,1.9,1.5,1.2,1.1,1.2,1.5,2,2.5,3
2022,7,July,30,30 July 2022,3.1,2.9,2.5,2,1.3,0.9,0.6,0.5,0.6,0.9,1.4,2,2.4,2.6,2.5,2.2,1.7,1.3,1.1,1.1,1.3,1.7,2.2,2.8
2022,7,July,31,31 July 2022,3.1,3.1,2.8,2.3,1.7,1.1,0.7,0.5,0.5,0.7,1.1,1.8,2.3,2.6,2.6,2.4,2,1.5,1.2,1.1,1.1,1.4,1.9,2.5
2022,8,August,1,01 August 2022,3,3.2,3,2.6,2,1.4,0.9,0.6,0.5,0.6,0.9,1.5,2.1,2.5,2.6,2.5,2.2,1.7,1.3,1.1,1,1.2,1.6,2.1
2022,8,August,2,02 August 2022,2.7,3.1,3.1,2.8,2.3,1.7,1.1,0.8,0.6,0.5,0.8,1.2,1.9,2.4,2.6,2.6,2.4,2,1.5,1.2,1,1,1.3,1.7
2022,8,August,3,03 August 2022,2.3,2.8,3,2.9,2.6,2,1.4,1,0.7,0.6,0.7,1,1.6,2.2,2.6,2.7,2.6,2.3,1.8,1.3,1,0.9,1.1,1.1
2022,8,August,4,04 August 2022,1.9,2.4,2.8,2.8,2.7,2.3,1.7,1.2,0.9,0.7,0.7,1,1.4,1.9,2.4,2.7,2.7,2.5,2.1,1.6,1.2,1,0.9,1.1
2022,8,August,5,05 August 2022,1.4,1.9,2.3,2.6,2.6,2.4,2,1.6,1.2,0.9,0.9,1,1.2,1.7,2.2,2.5,2.7,2.6,2.4,1.9,1.5,1.2,1,0.9
2022,8,August,6,06 August 2022,1.1,1.4,1.8,2.1,2.3,2.4,2.2,1.9,1.5,1.3,1.1,1.1,1.2,1.5,1.9,2.2,2.5,2.7,2.6,2.3,1.9,1.5,1.2,1
2022,8,August,7,07 August 2022,0.9,1,1.2,1.5,1.8,2,2.1,2,1.9,1.7,1.5,1.3,1.3,1.4,1.6,1.9,2.2,2.5,2.6,2.6,2.4,2,1.6,1.3
2022,8,August,8,08 August 2022,1,0.9,0.9,1,1.2,1.5,1.8,1.9,2,2,1.9,1.7,1.5,1.5,1.5,1.7,1.9,2.2,2.5,2.6,2.7,2.5,2.2,1.8
2022,8,August,9,09 August 2022,1.3,1,0.8,0.7,0.8,1,1.3,1.6,1.9,2.1,2.2,2.1,1.9,1.7,1.5,1.5,1.6,1.8,2.1,2.5,2.7,2.8,2.7,2.3
2022,8,August,10,10 August 2022,1.9,1.4,0.9,0.6,0.5,0.6,0.8,1.1,1.6,2,2.3,2.4,2.3,2,1.7,1.5,1.4,1.5,1.7,2.1,2.5,2.9,3,2.9
2022,8,August,11,11 August 2022,2.5,1.9,1.3,0.8,0.5,0.4,0.4,0.7,1.1,1.7,2.2,2.5,2.5,2.3,2,1.6,1.3,1.3,1.4,1.7,2.1,2.7,3.1,3.2
2022,8,August,12,12 August 2022,3,2.5,1.9,1.2,0.7,0.4,0.3,0.3,0.6,1.2,1.9,2.4,2.6,2.6,2.3,1.8,1.4,1.2,1.1,1:03,1.6,2.2,2.9,3.3
2022,8,August,13,13 August 2022,3.3,3.1,2.5,1.8,1.1,0.6,0.3,0.2,0.3,0.8,1.5,2.2,2.6,2.7,2.6,2.2,1.7,1.2,1,1,1.2,1.7,2.4,3.1
2022,8,August,14,14 August 2022,3.5,3.4,3,2.4,1.6,1,0.5,0.3,0.2,0.5,1,1.9,2.5,2.7,2.8,2.5,2,1.4,1.1,0.9,0.9,1.2,1.8,2.6
2022,8,August,15,15 August 2022,3.2,3.4,3.3,2.9,2.2,1.4,0.9,0.5,0.3,0.4,0.7,1.4,2.2,2.7,2.8,2.7,2.3,1.8,1.2,0.9,0.8,0.9,1.3,1.9
2022,8,August,16,16 August 2022,2.7,3.2,3.3,3.1,2.6,1.9,1.3,0.8,0.5,0.4,0.6,1.1,1.9,2.5,2.8,2.8,2.6,2.1,1.5,1.1,0.8,0.8,0.9,1.4
2022,8,August,17,17 August 2022,2.1,2.7,3.1,3.1,2.8,2.3,1.7,1.1,0.8,0.6,0.6,1,1.6,2.2,2.7,2.8,2.7,2.4,1.8,1.3,1,0.8,0.8,1
2022,8,August,18,18 August 2022,1.5,2.1,2.6,2.8,2.7,2.5,2,1.5,1.1,0.9,0.8,1,1.4,2,2.5,2.7,2.7,2.5,2.1,1.6,1.2,0.9,0.8,0.9
2022,8,August,19,19 August 2022,1.1,1.6,2.1,2.4,2.5,2.4,2.1,1.7,1.4,1.2,1.1,1.1,1.4,1.8,2.2,2.5,2.6,2.6,2.3,1.9,1.5,1.2,1,0.9
2022,8,August,20,20 August 2022,1,1.2,1.6,1.9,2,2.1,2,1.8,1.6,1.4,1.3,1.3,1.4,1.7,2,2.3,2.5,2.5,2.4,2.2,1.9,1.5,1.3,1.1
2022,8,August,21,21 August 2022,1,1.1,1.2,1.4,1.6,1.7,1.8,1.8,1.8,1.7,1.6,1.6,1.6,1.6,1.8,2,2.2,2.3,2.4,2.3,2.1,1.9,1.7,1.4
2022,8,August,22,22 August 2022,1.2,1.1,1.1,1.1,1.2,1.4,1.5,1.7,1.8,1.8,1.8,1.8,1.7,1.7,1.7,1.8,2,2.1,2.2,2.3,2.3,2.3,2.1,1.8
2022,8,August,23,23 August 2022,1.5,1.2,1,0.9,0.9,1,1.2,1.4,1.7,1.9,2,2,1.9,1.7,1.6,1.6,1.7,1.8,2,2.2,2.4,2.5,2.4,2.2
2022,8,August,24,24 August 2022,1.9,1.5,1.1,0.9,0.8,0.8,0.9,1.2,1.5,1.9,2.1,2.2,2.1,1.9,1.6,1.5,1.5,1.6,1.8,2,2.3,2.6,2.7,2.6
2022,8,August,25,25 August 2022,2.3,1.8,1.4,1,0.7,0.6,0.7,1,1.3,1.8,2.2,2.4,2.3,2.1,1.7,1.5,1.3,1.3,1.5,1.7,2.1,2.6,2.8,2.9
2022,8,August,26,26 August 2022,2.7,2.2,1.7,1.2,0.8,0.6,0.6,0.8,1.1,1.6,2.1,2.4,2.5,2.3,1.9,1.5,1.3,1.2,1.2,1.5,1.9,2.4,2.8,3
2022,8,August,27,27 August 2022,2.9,2.6,2.1,1.4,1,0.7,0.5,0.6,0.9,1.4,2,2.5,2.6,2.5,2.2,1.7,1.3,1.1,1.1,1.2,1.5,2.1,2.7,3.1
2022,8,August,28,28 August 2022,3.1,2.9,2.4,1.8,1.2,0.8,0.6,0.5,0.7,1.2,1.8,2.4,2.7,2.7,2.4,2,1.5,1.1,1,1,1.3,1.7,2.4,2.9
2022,8,August,29,29 August 2022,3.2,3,2.7,2.1,1.5,1,0.6,0.5,0.6,0.9,1.6,2.3,2.7,2.8,2.6,2.3,1.7,1.2,0.9,0.9,1,1.4,1.9,2.6
2022,8,August,30,30 August 2022,3.1,3.1,2.9,2.5,1.8,1.2,0.8,0.6,0.6,0.8,1.3,2,2.6,2.8,2.8,2.5,2,1.4,1,0.8,0.8,1.1,1.5,2.2
2022,8,August,31,31 August 2022,2.8,3.1,3,2.7,2.1,1.5,1,0.7,0.6,0.7,1.1,1.7,2.4,2.8,2.9,2.7,2.3,1.7,1.2,0.9,0.7,0.8,1.2,1.7
2022,9,September ,1,01 September 2022,2.4,2.9,3,2.8,2.4,1.8,1.3,0.9,0.7,0.8,1,1.5,2.2,2.7,2.9,2.8,2.5,2,1.4,1,0.7,0.7,0.9,1.3
2022,9,September ,2,02 September 2022,1.9,2.5,2.8,2.8,2.6,2.1,1.6,1.1,0.9,0.9,1,1.4,1.9,2.5,2.9,2.9,2.7,2.3,1.7,1.2,0.9,0.7,0.7,1
2022,9,September ,3,03 September 2022,1.4,1.9,2.4,2.5,2.5,2.3,1.9,1.5,1.2,1,1.1,1.3,1.7,2.2,2.6,2.8,2.8,2.6,2.1,1.6,1.2,0.9,0.7,0.8
2022,9,September ,4,04 September 2022,1,1.4,1.8,2.1,2.3,2.2,2.1,1.8,1.5,1.3,1.3,1.3,1.6,1.9,2.3,2.6,2.7,2.7,2.4,2.1,1.6,1.3,1,0.9
2022,9,September ,5,05 September 2022,0.9,1,1.3,1.5,1.8,2,2,1.9,1.8,1.7,1.5,1.5,1.6,1.7,2,2.2,2.4,2.6,2.6,2.4,2.1,1.8,1.5,1.2
2022,9,September ,6,06 September 2022,1,0.9,0.9,1,1.2,1.5,1.7,1.9,2,2,1.9,1.8,1.7,1.7,1.7,1.9,2,2.3,2.5,2.6,2.5,2.4,2.1,1.7
2022,9,September ,7,07 September 2022,1.3,1,0.8,0.7,0.8,1,1.2,1.6,1.9,2.2,2.2,2.2,2,1.8,1.6,1.6,1.7,1.8,2.1,2.4,2.7,2.8,2.6,2.3
2022,9,September ,8,08 September 2022,1.9,1.4,1,0.7,0.5,0.6,0.8,1.2,1.7,2.1,2.4,2.5,2.3,2,1.7,1.5,1.4,1.4,1.7,2,2.5,2.9,3,2.9
2022,9,September ,9,09 September 2022,2.5,1.9,1.3,0.9,0.5,0.4,0.5,0.8,1.3,1.9,2.4,2.6,2.6,2.3,1.9,1.5,1.2,1.2,1.3,1.6,2.1,2.7,3.2,3.2
2022,9,September ,10,10 September 2022,3,2.5,1.9,1.2,0.7,0.4,0.3,0.5,0.9,1.6,2.3,2.6,2.8,2.6,2.2,1.6,1.2,1,1,1.2,1.6,2.2,3,3.3
2022,9,September ,11,11 September 2022,3.3,3,2.4,1.7,1,0.6,0.4,0.4,0.6,1.2,0.2,2.6,2.8,2.8,2.5,2,1.4,1,0.8,0.9,1.1,1.7,2.5,3.2
2022,9,September ,12,12 September 2022,3.4,3.3,2.9,2.2,1.5,0.9,0.5,0.4,0.5,0.9,1.7,2.5,2.8,2.9,2.7,2.3,1.7,1.1,0.8,0.7,0.8,1.2,1.9,2.7
2022,9,September ,13,13 September 2022,3.2,3.3,3.1,2.6,1.9,1.3,0.8,0.5,0.5,0.7,1.3,2.2,2.8,3,2.9,2.6,2,1.4,0.9,0.6,0.6,0.8,1.3,2.1
2022,9,September ,14,14 September 2022,2.8,3.2,3.1,2.9,2.3,1.6,1.1,0.8,0.6,0.7,1.1,1.8,2.6,2.9,2.9,2.7,2.3,1.7,1.1,0.7,0.6,0.6,0.9,1.5
2022,9,September ,15,15 September 2022,2.3,2.8,3,2.9,2.5,2,1.4,1.1,0.9,0.9,1.1,1.6,2.3,2.8,3,2.8,2.5,2,1.4,0.9,0.7,0.6,0.8,1.1
2022,9,September ,16,16 September 2022,1.7,2.3,2.6,2.7,2.6,2.2,1.7,1.3,1.1,1,1.1,1.5,2,2.6,2.9,2.8,2.6,2.2,1.7,1.2,0.9,0.7,0.7,0.9
2022,9,September ,17,17 September 2022,1.3,1.8,2.2,2.4,2.4,2.2,1.9,1.5,1.3,1.2,1.3,1.5,1.9,2.3,2.7,2.8,2.7,2.4,2,1.5,1.2,1,0.9,0.9
2022,9,September ,18,18 September 2022,1.1,1.4,1.8,2,2.1,2.1,1.9,1.7,1.5,1.4,1.5,1.6,1.8,2.1,2.4,2.6,2.6,2.4,2.2,1.8,1.5,1.3,1.1,1
2022,9,September ,19,19 September 2022,1.1,1.2,1.4,1.6,1.7,1.8,1.8,1.7,1.7,1.6,1.6,1.7,1.8,2,2.2,2.3,2.4,2.4,2.3,2.1,1.9,1.7,1.5,1.3
2022,9,September ,20,20 September 2022,1.2,1.1,1.2,1.3,1.4,1.5,1.6,1.7,1.8,1.8,1.8,1.8,1.8,1.8,1.9,2,2.1,2.2,2.2,2.2,2.2,2.1,1.9,1.7
2022,9,September ,21,21 September 2022,1.4,1.2,1.1,1,1.1,1.2,1.4,1.6,1.8,2,2,2,1.9,1.8,1.8,1.8,1.8,1.9,2.1,2.2,2.4,2.4,2.3,2.1
2022,9,September ,22,22 September 2022,1.8,1.4,1.1,0.9,0.9,0.9,1.1,1.4,1.8,2.1,2.2,2.2,2.1,1.8,1.6,1.6,1.5,1.6,1.8,2.1,2.4,2.6,2.6,2.5
2022,9,September ,23,23 September 2022,2.2,1.7,1.3,1,0.8,0.7,0.9,1.2,1.7,2.1,2.4,2.4,2.3,2,1.6,1.4,1.3,1.3,1.5,1.8,2.2,2.7,2.9,2.8
2022,9,September ,24,24 September 2022,2.5,2.1,1.5,1.1,0.8,0.7,0.7,1,1.5,2.1,2.5,2.6,2.5,2.2,1.8,1.4,1.2,1.1,1.2,1.5,2,2.5,2.9,3
2022,9,September ,25,25 September 2022,2.8,2.4,1.8,1.3,0.9,0.7,0.6,0.9,1.3,2,2.5,2.8,2.7,2.5,2,1.5,1.1,1,1,1.2,1.6,2.2,2.8,3.1
2022,9,September ,26,26 September 2022,3,2.7,2.2,1.5,1,0.8,0.6,0.7,1.1,1.7,2.4,2.9,2.9,2.7,2.3,1.7,1.2,0.9,0.8,0.9,1.3,1.8,2.5,3
2022,9,September ,27,27 September 2022,3.1,3,2.5,1.9,1.3,0.9,0.7,0.7,0.9,1.4,2.2,2.8,3,2.9,2.6,2,1.4,0.9,0.7,0.7,0.9,1.4,2.1,2.8
2022,9,September ,28,28 September 2022,3.1,3.1,2.8,2.3,1.6,1.1,0.8,0.7,0.9,1.2,1.9,2.7,3.1,3,2.8,2.3,1.7,1.1,0.7,0.6,0.7,1,1.6,2.3
2022,9,September ,29,29 September 2022,2.9,3.1,2.9,2.6,2,1.4,1,0.9,0.9,1.1,1.6,2.3,3,3.1,3,2.6,2,1.3,0.9,0.6,0.5,0.7,1.1,1.8
2022,9,September ,30,30 September 2022,2.5,2.9,2.9,2.7,2.3,1.7,1.3,1,1,1.1,1.5,2,2.7,3.1,3.1,2.8,2.3,1.7,1.1,0.7,0.5,0.6,0.8,1.3
2022,10,November,1,01 October 2022,1.9,2.5,2.7,2.7,2.5,2,1.6,1.3,1.1,1.2,1.4,1.8,2.4,2.9,3.1,3,2.6,2.1,1.4,1,0.7,0.6,0.7,1
2022,10,November,2,02 October 2022,1.4,1.9,2.3,2.5,2.4,2.2,1.9,1.5,1.3,1.3,1.4,1.7,2.1,2.6,2.9,3,2.8,2.4,1.9,1.4,1,0.8,0.7,0.8
2022,10,November,3,03 October 2022,1,1.4,1.8,2.1,2.2,2.2,2,1.8,1.6,1.5,1.5,1.6,1.9,2.2,2.6,2.8,2.8,2.6,2.3,1.9,1.5,1.2,1,0.9
2022,10,November,4,04 October 2022,0.9,1,1.3,1.5,1.8,1.9,2,2,1.9,1.8,1.7,1.7,1.8,1.9,2.2,2.4,2.5,2.6,2.5,2.4,2.1,1.8,1.5,1.2
2022,10,November,5,05 October 2022,1,0.9,0.9,1.1,1.3,1.5,1.8,2,2.1,2.1,2,1.9,1.8,1.8,1.8,1.9,2.1,2.3,2.5,2.6,2.5,2.4,2.1,1.7
2022,10,November,6,06 October 2022,1.4,1.1,0.8,0.8,0.8,1.1,1.4,1.8,2.1,2.3,2.4,2.2,2,1.8,1.6,1.6,1.6,1.8,2.1,2.4,2.7,2.8,2.7,2.3
2022,10,November,7,07 October 2022,1.9,1.4,1,0.7,0.6,0.7,1,1.5,2,2.4,2.6,2.6,2.3,1.9,1.6,1.4,1.3,1.3,1.6,2,2.6,2.9,3,2.9
2022,10,November,8,08 October 2022,2.4,1.9,1.3,0.9,0.6,0.5,0.7,1.1,1.8,2.4,2.7,2.8,2.6,2.2,1.7,1.3,1.1,1,1.2,1.5,2.1,2.8,3.1,3.2
2022,10,November,9,09 October 2022,2.9,2.4,1.7,1.2,0.8,0.6,0.6,0.9,1.4,2.2,2.7,2.9,2.9,2.5,2,1.4,1,0.8,0.8,1.1,1.6,2.3,3,3.2
2022,10,November,10,10 October 2022,3.2,2.8,2.2,1.5,1,0.7,0.6,0.7,1.2,1.9,2.6,3,3,2.8,2.3,1.7,1.1,0.8,0.6,0.8,1.1,1.8,2.6,3.1
2022,10,November,11,11 October 2022,3.2,3.1,2.6,2,1.4,0.9,0.7,0.7,1,1.6,2.4,3,3.1,3,2.6,2,1.3,0.8,0.6,0.6,0.8,1.2,2,2.8
2022,10,November,12,12 October 2022,3.1,3.1,2.9,2.3,1.7,1.2,0.9,0.8,0.9,1.4,2.1,2.8,3.1,3.1,2.8,2.3,1.6,1,0.7,0.5,0.6,0.9,1.5,2.3
2022,10,November,13,13 October 2022,2.8,3,3,2.6,2.1,1.5,1.2,1,1,1.2,1.8,2.5,3,3.1,2.9,2.5,1.9,1.3,0.8,0.6,0.5,0.7,1.1,1.8
2022,10,November,14,14 October 2022,2.4,2.8,2.9,2.7,2.3,1.8,1.4,1.2,1.1,1.2,1.6,2.2,2.8,3.1,3,2.7,2.2,1.6,1.1,0.7,0.6,0.6,0.9,1.4
2022,10,November,15,15 October 2022,2,2.4,2.6,2.6,2.4,2,1.6,1.4,1.3,1.3,1.5,2,2.6,3,3,2.8,2.4,1.9,1.4,1,0.7,0.7,0.8,1.1
2022,10,November,16,16 October 2022,1.6,2,2.3,2.4,2.4,2.1,1.8,1.5,1.4,1.4,1.6,1.9,2.3,2.7,2.9,2.8,2.6,2.2,1.7,1.3,1,0.9,0.9,1
2022,10,November,17,17 October 2022,1.3,1.7,1.9,2.1,2.2,2.1,1.9,1.7,1.6,1.5,1.6,1.8,2.1,2.5,2.7,2.7,2.6,2.4,2,1.6,1.4,1.2,1.1,1.1
2022,10,November,18,18 October 2022,1.2,1.4,1.6,1.8,1.9,1.9,1.9,1.8,1.7,1.7,1.7,1.8,2,2.2,2.4,2.5,2.5,2.4,2.2,2,1.7,1.6,1.4,1.3
2022,10,November,19,19 October 2022,1.2,1.2,1.3,1.5,1.6,1.7,1.8,1.9,1.9,1.9,1.9,1.8,1.9,2,2.1,2.2,2.3,2.3,2.3,2.2,2.1,1.9,1.8,1.6
2022,10,November,20,20 October 2022,1.3,1.2,1.2,1.2,1.3,1.5,1.7,1.9,2,2.1,2.1,2,1.9,1.8,1.9,1.9,2,2.1,2.2,2.3,2.3,2.3,2.2,1.9
2022,10,November,21,21 October 2022,1.6,1.3,1.1,1,1.1,1.2,1.5,1.9,2.1,2.3,2.3,2.2,2,1.8,1.7,1.6,1.6,1.8,2,2.2,2.5,2.6,2.5,2.3
2022,10,November,22,22 October 2022,1.9,1.5,1.2,1,0.9,1,1.3,1.7,2.2,2.5,2.6,2.5,2.2,1.8,1.6,1.4,1.3,1.4,1.6,2,2.4,2.7,2.7,2.6
2022,10,November,23,23 October 2022,2.3,1.8,1.4,1.1,0.9,0.9,1.1,1.6,2.1,2.6,2.8,2.7,2.5,2,1.6,1.3,1.1,1.1,1.3,1.6,2.2,2.6,2.9,2.9
2022,10,November,24,24 October 2022,2.6,2.1,1.6,1.2,0.9,0.8,1,1.3,1.9,2.6,2.9,2.9,2.7,2.3,1.7,1.3,1,0.8,0.9,1.3,1.8,2.4,2.9,3
2022,10,November,25,25 October 2022,2.9,2.5,1.9,1.4,1.1,0.9,0.9,1.2,1.7,2.4,3,3.1,3,2.6,2,1.4,0.9,0.7,0.7,0.9,1.3,2,2.7,3
2022,10,November,26,26 October 2022,3,2.8,2.3,1.7,1.3,1,0.9,1.1,1.4,2.1,2.9,3.2,3.2,2.9,2.3,1.7,1.1,0.7,0.5,0.6,0.9,1.5,2.2,2.8
2022,10,November,27,27 October 2022,3,3,2.7,2.1,1.6,1.2,1,1.1,1.3,1.8,2.5,3.2,3.3,3.1,2.7,2,1.3,0.8,0.5,0.4,0.6,1,1.7,2.4
2022,10,November,28,28 October 2022,2.9,3,2.9,2.5,1.9,1.5,1.2,1.1,1.2,1.6,2.2,2.9,3.3,3.3,3,2.4,1.7,1.1,0.6,0.4,0.4,0.7,1.2,1.8
2022,10,November,29,29 October 2022,2.5,2.8,2.8,2.7,2.3,1.8,1.5,1.3,1.3,1.5,1.9,2.5,3.1,3.3,3.2,2.8,2.2,1.5,0.9,0.6,0.5,0.5,0.8,1.3
2022,10,November,30,30 October 2022,1.9,2.4,2.6,2.7,2.5,2.1,1.7,1.5,1.4,1.5,1.7,2.2,2.8,3.2,3.2,3,2.6,2,1.4,0.9,0.7,0.6,0.7,0.9
2022,10,November,31,31 October 2022,1.4,1.9,2.2,2.4,2.5,2.3,2,1.7,1.5,1.5,1.7,2,2.4,2.8,3.1,3.1,2.8,2.4,1.9,1.4,1,0.8,0.7,0.8
2022,11,November,1,01 November 2022,1,1.4,1.8,2.1,2.2,2.3,2.2,2,1.8,1.7,1.7,1.8,2.1,2.4,2.7,2.9,2.9,2.7,2.4,2,1.6,1.2,1,0.9
2022,11,November,2,02 November 2022,0.9,1,1.3,1.6,1.9,2.1,2.2,2.2,2.1,1.9,1.8,1.8,1.9,2,2.2,2.4,2.6,2.7,2.6,2.4,2.1,1.8,1.5,1.2
2022,11,November,3,03 November 2022,1,0.9,1,1.1,1.4,1.8,2.1,2.3,2.3,2.3,2.1,1.9,1.8,1.8,1.8,1.9,2.1,2.3,2.5,2.6,2.6,2.4,2.1,1.7
2022,11,November,4,04 November 2022,1.3,1.1,0.9,0.9,1.1,1.4,1.8,2.2,2.5,2.5,2.4,2.2,1.9,1.7,1.5,1.5,1.6,1.8,2.1,2.5,2.7,2.8,2.6,2.2
2022,11,November,5,05 November 2022,1.8,1.4,1,0.8,0.8,1.1,1.5,2,2.5,2.7,2.7,2.6,2.2,1.8,1.4,1.2,1.1,1.3,1.6,2.1,2.6,2.9,2.9,2.7
2022,11,November,6,06 November 2022,2.3,1.7,1.3,1,0.8,0.9,1.2,1.7,2.3,2.8,2.9,2.9,2.5,2,1.5,1.1,0.9,0.9,1.1,1.5,2.2,2.7,3,3
2022,11,November,7,07 November 2022,2.7,2.2,1.6,1.2,0.9,0.9,1,1.5,2.1,2.7,3,3,2.8,2.3,1.7,1.2,0.9,0.7,0.8,1.1,1.6,2.3,2.8,3
2022,11,November,8,08 November 2022,2.9,2.6,2,1.5,1.1,0.9,1,1.3,1.8,2.6,3,3.2,3,2.6,2,1.4,0.9,0.6,0.6,0.8,1.2,1.9,2.5,2.9
2022,11,November,9,09 November 2022,3,2.8,2.4,1.8,1.4,1.1,1,1.2,1.6,2.3,2.9,3.2,3.1,2.9,2.3,1.7,1.1,0.7,0.5,0.6,0.8,1.4,2.1,2.7
2022,11,November,10,10 November 2022,2.9,2.9,2.6,2.2,1.7,1.3,1.1,1.2,1.4,2,2.7,3.2,3.2,3,2.6,2,1.4,0.9,0.6,0.5,0.7,1,1.7,2.3
2022,11,November,11,11 November 2022,2.7,2.9,2.8,2.4,1.9,1.5,1.3,1.2,1.4,1.7,2.4,3,3.2,3.1,2.8,2.3,1.7,1.1,0.7,0.6,0.6,0.8,1.3,1.9
2022,11,November,12,12 November 2022,2.4,2.7,2.8,2.6,2.2,1.8,1.5,1.3,1.4,1.6,2.1,2.7,3.1,3.2,3,2.6,2,1.4,0.9,0.7,0.6,0.7,1,1.5
2022,11,November,13,13 November 2022,2.1,2.4,2.6,2.6,2.3,2,1.6,1.4,1.4,1.6,1.9,2.4,2.9,3.1,3.1,2.8,2.3,1.7,1.2,0.9,0.7,0.7,0.9,1.3
2022,11,November,14,14 November 2022,1.7,2.1,2.4,2.5,2.4,2.1,1.8,1.6,1.5,1.6,1.8,2.2,2.6,3,3,2.9,2.5,2.1,1.6,1.2,1,0.9,0.9,1.1
2022,11,November,15,15 November 2022,1.5,1.8,2.1,2.3,2.3,2.2,1.9,1.7,1.6,1.6,1.7,2,2.4,2.7,2.9,2.9,2.7,2.3,1.9,1.5,1.3,1.1,1,1.1
2022,11,November,16,16 November 2022,1.3,1.5,1.8,2,2.1,2.1,2,1.9,1.7,1.7,1.7,1.9,2.1,2.4,2.6,2.7,2.6,2.5,2.2,1.9,1.6,1.4,1.2,1.2
2022,11,November,17,17 November 2022,1.2,1.3,1.5,1.7,1.9,2.1,2.1,2,1.9,1.9,1.8,1.8,1.9,2.1,2.3,2.4,2.5,2.4,2.3,2.1,1.9,1.7,1.5,1.4
2022,11,November,18,18 November 2022,1.2,1.2,1.3,1.5,1.7,1.9,2.1,2.2,2.2,2.1,2,1.9,1.8,1.9,1.9,2,2.2,2.3,2.3,2.3,2.2,2.1,1.8,1.6
2022,11,November,19,19 November 2022,1.4,1.3,1.2,1.3,1.5,1.8,2.1,2.3,2.4,2.4,2.2,2,1.8,1.7,1.6,1.7,1.8,1.9,2.1,2.3,2.4,2.4,2.2,1.9
2022,11,November,20,20 November 2022,1.6,1.4,1.2,1.2,1.3,1.5,1.9,2.3,2.6,2.7,2.5,2.3,2,1.7,1.5,1.4,1.4,1.5,1.8,2.1,2.4,2.5,2.5,2.3
2022,11,November,21,21 November 2022,1.9,1.6,1.3,1.2,1.2,1.3,1.7,2.2,2.7,2.9,2.8,2.6,2.2,1.8,1.4,1.1,1.1,1.1,1.4,1.8,2.3,2.6,2.7,2.6
2022,11,November,22,22 November 2022,2.3,1.8,1.5,1.2,1.1,1.2,1.5,2,2.6,3,3.1,2.9,2.5,2,1.5,1.1,0.8,0.8,1,1.3,1.9,2.5,2.8,2.8
2022,11,November,23,23 November 2022,2.6,2.2,1.8,1.4,1.2,1.2,1.3,1.7,2.3,2.9,3.3,3.2,2.9,2.3,1.7,1.1,0.8,0.6,0.7,0.9,1.4,2.1,2.6,2.9
2022,11,November,24,24 November 2022,2.9,2.6,2.1,1.7,1.4,1.2,1.3,1.5,2,2.7,3.2,3.4,3.2,2.7,2.1,1.4,0.9,0.5,0.4,0.6,0.9,1.5,2.2,2.7
2022,11,November,25,25 November 2022,2.9,2.9,2.6,2.1,1.6,1.4,1.3,1.4,1.7,2.3,3,3.4,3.4,3.1,2.5,1.8,1.1,0.7,0.4,0.4,0.6,1,1.7,2.4
2022,11,November,26,26 November 2022,2.7,2.9,2.8,2.5,2,1.6,1.4,1.4,1.6,2,2.6,3.2,3.5,3.3,2.9,2.3,1.6,1,0.6,0.4,0.4,0.6,1.1,1.8
2022,11,November,27,27 November 2022,2.4,2.7,2.8,2.7,2.3,1.9,1.6,1.4,1.5,1.7,2.2,2.8,3.3,3.4,3.2,2.8,2.1,1.5,0.9,0.6,0.4,0.5,0.7,1.2
2022,11,November,28,28 November 2022,1.9,2.3,2.6,2.7,2.6,2.2,1.8,1.6,1.5,1.6,1.9,2.4,2.9,3.3,3.4,3.1,2.6,2,1.4,0.9,0.7,0.5,0.6,0.9
2022,11,November,29,29 November 2022,1.3,1.9,2.3,2.5,2.6,2.4,2.1,1.8,1.6,1.6,1.7,2,2.4,2.9,3.2,3.2,3,2.5,2,1.4,1,0.8,0.7,0.7
2022,11,November,30,30 November 2022,1,1.4,1.9,2.2,2.4,2.5,2.3,2.1,1.8,1.7,1.7,1.8,2,2.4,2.7,3,3,2.8,2.5,2,1.5,1.2,1,0.8